{"mse": 0.12973138929792521, "mae": 0.21245000116444002, "r2": 0.8702686107020747, "rmse": 0.3601824389082916, "mape": 202.88324180239877, "smape": 40.42671735348071, "wape": 25.555035285499834, "cvrmse": 4.958052253183791e+16}