{"mse": 0.2384522848445939, "mae": 0.24026522763320227, "r2": 0.7615477151554061, "rmse": 0.4883157634610969, "mape": 123.60203250010417, "smape": 42.823175718970504, "wape": 28.53032675321322, "cvrmse": 1.7995466877232186e+17}