{"mse": 0.1631002185975704, "mae": 0.17727286925116673, "r2": 0.8368997814024296, "rmse": 0.4038566807638205, "mape": 151.93273558757855, "smape": 31.375782949724133, "wape": 20.807713066926276, "cvrmse": 3.100619033165334e+17}