{"mse": 0.19142189288404096, "mae": 0.2553175788380169, "r2": 0.808578107115959, "rmse": 0.4375178772165098, "mape": 261.15327026747764, "smape": 44.775651087430624, "wape": 30.711460110389528, "cvrmse": 6.022604831919164e+16}