{"mse": 0.01480492880021145, "mae": 0.09226150187374402, "r2": 0.9851950711997886, "rmse": 0.12167550616377747, "mape": 28.656115898961644, "smape": 17.26929959586498, "wape": 10.365780798366783, "cvrmse": 4.298914100808998e+16}