{"mse": 1.0888922621103743, "mae": 0.8067839297637227, "r2": -0.08889226211037426, "rmse": 1.0435000058027668, "mape": 501.52719201514697, "smape": 113.76731538081722, "wape": 95.68847884319723, "cvrmse": 2.5299459462079606e+17}