{"mse": 0.2353448122793537, "mae": 0.29066766116296766, "r2": 0.7646551877206463, "rmse": 0.48512350208926563, "mape": 106.22774976058051, "smape": 52.139767238071805, "wape": 34.61274421982516, "cvrmse": 8.938912652888135e+18}