{"mse": 0.9225023794397157, "mae": 0.22297121845133788, "r2": 0.07749762056028431, "rmse": 0.9604698743009672, "mape": 215.60907760988783, "smape": 40.61956536132481, "wape": 26.58203726941241, "cvrmse": 2.872998598446212e+16}