{"mse": 0.2420356425577224, "mae": 0.26240784891476965, "r2": 0.7579643574422776, "rmse": 0.49197118061703815, "mape": 163.4959508907953, "smape": 46.524993171795614, "wape": 31.184014142171918, "cvrmse": -4.1204947084557555e+17}