{"mse": 1.8395332536502826, "mae": 0.04833907731711019, "r2": -0.8395332536502826, "rmse": 1.3562939407260812, "mape": 17.17699764990704, "smape": 7.5000620088502705, "wape": 21.031185080056755, "cvrmse": 1.624379168366195e+17}