{"mse": 0.004978269874329544, "mae": 0.05353030071512339, "r2": 0.9950217301256704, "rmse": 0.07055685561537975, "mape": 94.92854696695055, "smape": 18.978910185443297, "wape": 7.028365295375666, "cvrmse": 2110123862181089.0}