{"mse": 5.156962027025201, "mae": 0.3287881670048159, "r2": -4.156962027025201, "rmse": 2.2708945433518486, "mape": 96.28444596156905, "smape": 29.071551578555283, "wape": 37.87148319067795, "cvrmse": 6.226730544706169e+16}