{"mse": 1.836712256088011, "mae": 0.048564710683490775, "r2": -0.8367122560880109, "rmse": 1.3552535763051914, "mape": 17.084662185780488, "smape": 7.593870775108535, "wape": 21.12935280174197, "cvrmse": 1.62313316538553e+17}