{"mse": 0.47494443422237187, "mae": 0.4266125010316767, "r2": 0.525055565777628, "rmse": 0.6891621247735339, "mape": 216.97175974714264, "smape": 59.647893056103854, "wape": 50.06648298295225, "cvrmse": -9.594388515587632e+16}