{"mse": 0.3961721277607261, "mae": 0.39250502062788223, "r2": 0.6038278722392738, "rmse": 0.6294220585272858, "mape": 158.5008594420146, "smape": 57.407184470309964, "wape": 46.0636898554692, "cvrmse": -8.762698286380976e+16}