{"mse": 0.03508011850540617, "mae": 0.10666188076984352, "r2": 0.9649198814945938, "rmse": 0.1872968726524983, "mape": 36.94677998969694, "smape": 22.16357819961457, "wape": 12.848397553507393, "cvrmse": -8217006192823856.0}