{"mse": 0.15074318268846135, "mae": 0.25739711185734837, "r2": 0.8492568173115387, "rmse": 0.3882565938763453, "mape": 117.94984621445819, "smape": 45.224235253782865, "wape": 30.207666417421997, "cvrmse": -5.405236984856767e+16}