{"mse": 0.2466244730293016, "mae": 0.28821739469580454, "r2": 0.7533755269706984, "rmse": 0.4966130012688971, "mape": 126.71972796011958, "smape": 51.857829506232775, "wape": 34.25116797909941, "cvrmse": -4.1593721837777786e+17}