{"mse": 0.02656073264987455, "mae": 0.11723003576525615, "r2": 0.9734392673501254, "rmse": 0.16297463805719756, "mape": 31.672910134144267, "smape": 21.965549181638522, "wape": 13.171049994289788, "cvrmse": 5.758052641057356e+16}