{"mse": 0.03262790102453441, "mae": 0.09050827719959213, "r2": 0.9673720989754656, "rmse": 0.1806319490691899, "mape": 28.370698999211907, "smape": 12.040911844777192, "wape": 9.664008273138567, "cvrmse": -1.808877363071121e+16}