{"mse": 0.003570115195322325, "mae": 0.04592118545893409, "r2": 0.9964298848046776, "rmse": 0.05975044096341319, "mape": 274.9338123470396, "smape": 17.522528628462876, "wape": 6.029311658824632, "cvrmse": 1786939485229241.5}