{"mse": 0.23012213135228168, "mae": 0.26321583837848483, "r2": 0.7698778686477183, "rmse": 0.4797104661692109, "mape": 318.2379730687112, "smape": 44.37901492827915, "wape": 31.6615203605397, "cvrmse": 6.603402333759227e+16}