{"mse": 0.6459340207927861, "mae": 0.5400227025741756, "r2": 0.35406597920721394, "rmse": 0.8037002057936691, "mape": 316.8435770650111, "smape": 86.43176442647326, "wape": 64.17036575981946, "cvrmse": 1.0577874805896762e+18}