{"mse": 0.006714110554085161, "mae": 0.0630279586202234, "r2": 0.9932858894459149, "rmse": 0.08193967631181588, "mape": 191.56934641366271, "smape": 22.019574987423017, "wape": 8.275378824457077, "cvrmse": 2450546651164376.0}