{"mse": 0.9779860266429283, "mae": 0.7532754615860807, "r2": 0.02201397335707178, "rmse": 0.9889317603570674, "mape": 326.94724573790273, "smape": 111.52139616255332, "wape": 89.70014336865471, "cvrmse": 1.8222111663170089e+19}