{"mse": 0.19745700844538153, "mae": 0.26597153264154483, "r2": 0.8025429915546185, "rmse": 0.4443613489553086, "mape": 122.33620535469933, "smape": 49.58556061485117, "wape": 31.58282539702623, "cvrmse": 1.6375653900602643e+17}