{"mse": 0.006011571495564376, "mae": 0.05972359984083487, "r2": 0.9939884285044356, "rmse": 0.0775343246282856, "mape": 273.91641817333556, "smape": 21.332878424898457, "wape": 7.841526590147419, "cvrmse": 2318797048271208.0}