{"mse": 0.632890053156394, "mae": 0.5307242170249017, "r2": 0.367109946843606, "rmse": 0.7955438725528555, "mape": 247.39266453410895, "smape": 85.00669281055879, "wape": 63.07018466765888, "cvrmse": -6.66306167179768e+17}