{"mse": 0.003745873688772157, "mae": 0.046973690615111106, "r2": 0.9962541263112279, "rmse": 0.06120354310636074, "mape": 175.02808354468152, "smape": 17.32366631230385, "wape": 6.167502377241213, "cvrmse": 1830396998737705.0}