{"mse": 0.174567992983205, "mae": 0.13583486216906315, "r2": 0.825432007016795, "rmse": 0.4178133470620643, "mape": 36.1627192231152, "smape": 15.122688825584877, "wape": 14.503747860404298, "cvrmse": -4.184049994389707e+16}