{"mse": 0.543570733535959, "mae": 0.4451694561276049, "r2": 0.4564292664640408, "rmse": 0.7372724961206399, "mape": 240.0754389647596, "smape": 59.40588632690954, "wape": 52.244294168229054, "cvrmse": -1.0264172268554344e+17}