{"mse": 0.03349620934148887, "mae": 0.09636779277118931, "r2": 0.9665037906585111, "rmse": 0.18301969659435258, "mape": 29.885475859757904, "smape": 21.554437735894552, "wape": 12.45194172778816, "cvrmse": 1.5004448994963444e+16}