{"mse": 0.031413020057387823, "mae": 0.10795495557325814, "r2": 0.9685869799426121, "rmse": 0.17723718587640638, "mape": 40.53129621847866, "smape": 34.43464372216283, "wape": 14.753242147190072, "cvrmse": 8.209666479690426e+17}