{"mse": 0.029486588060202188, "mae": 0.13481903459936326, "r2": 0.9705134119397978, "rmse": 0.17171659226819694, "mape": 41.895638311158834, "smape": 20.288526213346714, "wape": 14.707401794819965, "cvrmse": 4701768749149673.0}