{"mse": 0.03142518624751703, "mae": 0.10850341807774165, "r2": 0.968574813752483, "rmse": 0.17727150433027025, "mape": 40.85615274264722, "smape": 34.7469035287782, "wape": 14.828195632135083, "cvrmse": 8.211256118224392e+17}