{"mse": 0.06277303720326956, "mae": 0.12862578542870104, "r2": 0.9372269627967305, "rmse": 0.25054547931118126, "mape": 34.844161549366845, "smape": 16.356880132375462, "wape": 13.733999728894572, "cvrmse": -2.5090026890658304e+16}