{"mse": 0.024408655238809262, "mae": 0.12273364290058471, "r2": 0.9755913447611908, "rmse": 0.15623269580599722, "mape": 39.79353079240499, "smape": 18.71301958619028, "wape": 13.389007014068751, "cvrmse": 4277804474414160.0}