{"mse": 0.2747387965342428, "mae": 0.27149686338360474, "r2": 0.7252612034657572, "rmse": 0.5241553171858918, "mape": 124.9273230907449, "smape": 47.77884481108584, "wape": 32.238931538740594, "cvrmse": 1.9316230100966845e+17}