{"mse": 0.4034463598928102, "mae": 0.17867224400213422, "r2": 0.5965536401071898, "rmse": 0.6351742752133545, "mape": 163.04694416329932, "smape": 37.21315077828703, "wape": 21.30083103129664, "cvrmse": 1.8999604790157424e+16}