{"mse": 0.04384957776710513, "mae": 0.13766497341431055, "r2": 0.9561504222328949, "rmse": 0.20940290773316672, "mape": 40.99131559736649, "smape": 24.234337112171254, "wape": 15.46695977243607, "cvrmse": 7.39840861309279e+16}