{"mse": 1.3893764870944336, "mae": 0.8742288813110168, "r2": -0.3893764870944336, "rmse": 1.1787181542228122, "mape": 550.0287856711036, "smape": 115.16508576522216, "wape": 103.68777652517234, "cvrmse": 2.857779779027028e+17}