{"mse": 0.035108949714088296, "mae": 0.10824477902756713, "r2": 0.9648910502859117, "rmse": 0.1873738234495104, "mape": 35.57889952192894, "smape": 22.608176039394483, "wape": 13.039072103357796, "cvrmse": -8220382144416834.0}