{"mse": 0.02888239399289321, "mae": 0.09156436395376827, "r2": 0.9711176060071068, "rmse": 0.16994820973724087, "mape": 28.334269970931143, "smape": 12.032917993943638, "wape": 9.776771784336594, "cvrmse": -1.7018886806696888e+16}