{"mse": 0.003473544686712285, "mae": 0.04545131408248713, "r2": 0.9965264553132878, "rmse": 0.05893678551390706, "mape": 164.73539010493516, "smape": 17.13487783928101, "wape": 5.967618979512311, "cvrmse": 1762605722554841.5}