{"mse": 0.2394324261741297, "mae": 0.27559797649455947, "r2": 0.7605675738258704, "rmse": 0.48931832805866743, "mape": 118.44359689445187, "smape": 49.277366304064024, "wape": 32.725918766397406, "cvrmse": 1.8032413499393203e+17}