{"mse": 0.07078102609371632, "mae": 0.15703558342760943, "r2": 0.9292189739062837, "rmse": 0.2660470373706806, "mape": 150.71276747307613, "smape": 37.03590000429435, "wape": 18.72136574527289, "cvrmse": 7958112856408228.0}