{"mse": 0.041543639842259956, "mae": 0.15842538681607876, "r2": 0.95845636015774, "rmse": 0.20382256951147476, "mape": 53.6955657861182, "smape": 23.563112014757376, "wape": 17.282617586811057, "cvrmse": 5580861901822911.0}