{"mse": 1.9984064085507394, "mae": 0.051549866935247164, "r2": -0.9984064085507394, "rmse": 1.413650030435659, "mape": 24.05707469174313, "smape": 4.547836998744941, "wape": 34.18620172556679, "cvrmse": 1.9978252784151823e+18}