{"mse": 1.1218794888436707, "mae": 0.8049338694593084, "r2": -0.1218794888436705, "rmse": 1.0591881272199337, "mape": 356.21328532612876, "smape": 114.88707791821801, "wape": 95.85163353225063, "cvrmse": 1.9516659389659886e+19}