{"mse": 0.013847858348283816, "mae": 0.09105727101638428, "r2": 0.9861521416517162, "rmse": 0.11767692360137486, "mape": 27.219401421146404, "smape": 17.219834393636507, "wape": 10.230482837196558, "cvrmse": 4.1576402857025784e+16}