{"mse": 0.3666263304249381, "mae": 0.2985780989418019, "r2": 0.6333736695750619, "rmse": 0.6054967633480283, "mape": 114.50680384259427, "smape": 46.44503414599711, "wape": 35.48241296306703, "cvrmse": -5.071325938713393e+17}