{"mse": 0.6596969626574424, "mae": 0.4842531256216763, "r2": 0.3403030373425574, "rmse": 0.8122173124585823, "mape": 230.59706926258815, "smape": 63.26136184990013, "wape": 56.83108398077362, "cvrmse": -1.130754023572443e+17}