{"mse": 7.266710063722581, "mae": 0.34241064154966827, "r2": -6.266710063722581, "rmse": 2.6956835985928653, "mape": 107.13465162313864, "smape": 37.794974686037655, "wape": 41.24648859956634, "cvrmse": -1.1826384770784805e+17}