{"mse": 0.03930232727871518, "mae": 0.12596049553596708, "r2": 0.9606976727212848, "rmse": 0.19824814571318236, "mape": 49.347627781775024, "smape": 38.60899235697106, "wape": 17.21389890583687, "cvrmse": 9.182898884759116e+17}