{"mse": 0.03591273945988485, "mae": 0.10600335190081624, "r2": 0.9640872605401152, "rmse": 0.18950656838190294, "mape": 33.283328465224486, "smape": 24.915147150802976, "wape": 13.696978242027406, "cvrmse": 1.5536260262735866e+16}