{"mse": 0.053393142027242366, "mae": 0.14595120372048156, "r2": 0.9466068579727577, "rmse": 0.2310695610140859, "mape": 140.0564457432714, "smape": 36.756014177389794, "wape": 17.399915396076832, "cvrmse": 6911851612422631.0}