{"mse": 0.12887726698603152, "mae": 0.20968966714207965, "r2": 0.8711227330139685, "rmse": 0.358994800778551, "mape": 113.31867207926642, "smape": 40.75674869243381, "wape": 24.91721657704529, "cvrmse": 4.724898701317808e+17}