{"mse": 0.3217792289892887, "mae": 0.15068042738211407, "r2": 0.6782207710107113, "rmse": 0.5672558761170207, "mape": 38.386755828814735, "smape": 22.103388200732667, "wape": 17.356133357081298, "cvrmse": 1.5554000518528904e+16}