{"mse": 0.31350756774694183, "mae": 0.36459724805553073, "r2": 0.6864924322530581, "rmse": 0.5599174651204781, "mape": 153.55392668449065, "smape": 55.79523183588862, "wape": 42.7884833924453, "cvrmse": -7.79506810359634e+16}