{"mse": 0.012270719391455942, "mae": 0.08644660591877475, "r2": 0.987729280608544, "rmse": 0.11077327923039898, "mape": 24.536390897319826, "smape": 16.647470550804787, "wape": 9.712464565589581, "cvrmse": 3.913727808417204e+16}