{"mse": 0.21545905019101835, "mae": 0.23713876325737215, "r2": 0.7845409498089817, "rmse": 0.4641756673836085, "mape": 115.19417153406802, "smape": 43.25549859044812, "wape": 28.159074320626974, "cvrmse": 1.7105853369168045e+17}