{"mse": 0.03040630694791839, "mae": 0.12561908667334168, "r2": 0.9695936930520817, "rmse": 0.17437404321721278, "mape": 48.87369756952616, "smape": 22.41565775549088, "wape": 14.113578145831852, "cvrmse": 6.160804724268438e+16}