{"mse": 0.04282283457028516, "mae": 0.11824766756267263, "r2": 0.9571771654297149, "rmse": 0.20693678882761557, "mape": 42.38879670844508, "smape": 14.425709264421412, "wape": 12.625877687241596, "cvrmse": -2.072298255241217e+16}