{"mse": 0.03693279906877267, "mae": 0.10959829983164453, "r2": 0.9630672009312273, "rmse": 0.19217908072621398, "mape": 34.71906639317991, "smape": 25.398538779852828, "wape": 14.161491134373005, "cvrmse": 1.5755360042184754e+16}