{"mse": 0.013709055612329836, "mae": 0.0913682709853102, "r2": 0.9862909443876702, "rmse": 0.11708567637559189, "mape": 27.160374319220647, "smape": 17.23378814085153, "wape": 10.26542436145872, "cvrmse": 4.1367509455541896e+16}