{"mse": 0.2027133761272387, "mae": 0.2390304049762239, "r2": 0.7972866238727613, "rmse": 0.4502370221641471, "mape": 189.12966242580956, "smape": 42.48585054301967, "wape": 28.405886333105418, "cvrmse": -3.7709511054111424e+17}