{"mse": 0.1658257275398346, "mae": 0.26492021330209875, "r2": 0.8341742724601653, "rmse": 0.40721705212310866, "mape": 127.59209526491149, "smape": 46.00617356401528, "wape": 31.09056419831626, "cvrmse": -5.669201001905446e+16}