{"mse": 0.0329846712438902, "mae": 0.09734507283734829, "r2": 0.9670153287561098, "rmse": 0.18161682533259466, "mape": 24.9618162397502, "smape": 16.271484383766346, "wape": 11.212697595655737, "cvrmse": 4979883531103345.0}