{"mse": 0.0034565079487801614, "mae": 0.04540049945817019, "r2": 0.9965434920512198, "rmse": 0.05879207386017406, "mape": 203.77465293008154, "smape": 17.054901764893785, "wape": 5.960947174249207, "cvrmse": 1758277872184888.8}