{"mse": 1.3383483206262181, "mae": 0.8459863635832583, "r2": -0.3383483206262179, "rmse": 1.1568700534745544, "mape": 370.02895913112457, "smape": 115.92222682444273, "wape": 100.74017005885611, "cvrmse": 2.1316552000088904e+19}