{"mse": 0.05716704895527676, "mae": 0.1392380366846946, "r2": 0.9428329510447232, "rmse": 0.23909631731851655, "mape": 55.999114630198065, "smape": 26.911699034180273, "wape": 16.772493012335875, "cvrmse": -1.0489528694548772e+16}