{"mse": 0.07061452356250585, "mae": 0.12057376608676208, "r2": 0.9293854764374941, "rmse": 0.26573393378058785, "mape": 28.58644996796191, "smape": 14.595037311355922, "wape": 12.874246522407503, "cvrmse": -2.6611023127000868e+16}