{"mse": 0.03815659493319418, "mae": 0.11196591290759039, "r2": 0.9618434050668059, "rmse": 0.1953371314758005, "mape": 38.645985212020385, "smape": 22.617612591582137, "wape": 13.487316659850576, "cvrmse": -8569744899067809.0}