{"mse": 0.44020375082361357, "mae": 0.32012401748398506, "r2": 0.5597962491763864, "rmse": 0.6634785232572442, "mape": 119.89761794545191, "smape": 48.64912716669726, "wape": 38.04288602553153, "cvrmse": -5.556951000314008e+17}