{"mse": 0.0036399825675045325, "mae": 0.04625096065217669, "r2": 0.9963600174324955, "rmse": 0.060332268045421036, "mape": 46.44606481377846, "smape": 17.286543547901108, "wape": 6.072610136369095, "cvrmse": 1804340022692256.2}