{"mse": 0.14463943323885, "mae": 0.22284998815455967, "r2": 0.85536056676115, "rmse": 0.38031491324802136, "mape": 209.17092483200292, "smape": 41.607515133420776, "wape": 26.806021555420045, "cvrmse": 5.235183642667434e+16}