{"mse": 0.003369138195518594, "mae": 0.044800906086809734, "r2": 0.9966308618044815, "rmse": 0.05804427788782107, "mape": 169.75955328397168, "smape": 16.86349201542287, "wape": 5.882222392465635, "cvrmse": 1735913750207761.2}