{"mse": 0.03163700406646807, "mae": 0.10895507665524458, "r2": 0.9683629959335319, "rmse": 0.17786793996240038, "mape": 40.29648053238295, "smape": 34.44661881650476, "wape": 14.889919786680581, "cvrmse": 8.238883151412598e+17}