{"mse": 1.1499953153015354, "mae": 0.7727477849126041, "r2": -0.14999531530153543, "rmse": 1.0723783452222146, "mape": 369.40579095304474, "smape": 109.06044557725454, "wape": 91.76003959688957, "cvrmse": 3.951940616155197e+17}