{"mse": 0.03850982862684734, "mae": 0.11193456217827469, "r2": 0.9614901713731526, "rmse": 0.19623921276556155, "mape": 35.61947280556229, "smape": 22.960323917223253, "wape": 13.483540178215964, "cvrmse": -8609320613490708.0}