{"mse": 0.0035966603872612107, "mae": 0.04687925206200887, "r2": 0.9964033396127387, "rmse": 0.05997216343655789, "mape": 281.00487409594507, "smape": 17.5937055715074, "wape": 6.155102883117285, "cvrmse": 1793570476325483.5}