{"mse": 0.031087968577430267, "mae": 0.13893920712869784, "r2": 0.9689120314225698, "rmse": 0.17631780561653512, "mape": 43.482464531317824, "smape": 20.96737589957445, "wape": 15.156871211605043, "cvrmse": 4827754484387173.0}