{"mse": 0.05986220717782913, "mae": 0.14802420776136113, "r2": 0.9401377928221709, "rmse": 0.2446675441856339, "mape": 138.68031692968367, "smape": 35.88530923798783, "wape": 17.64705343952942, "cvrmse": 7318600305316156.0}