{"mse": 0.525259282102323, "mae": 0.4496526969754005, "r2": 0.4747407178976768, "rmse": 0.7247477368728535, "mape": 231.6053834690881, "smape": 60.88538959342883, "wape": 52.770439325888105, "cvrmse": -1.0089804870858266e+17}