{"mse": 0.0035305982777468826, "mae": 0.046116424841990945, "r2": 0.9964694017222531, "rmse": 0.05941883773473596, "mape": 97.96597116747786, "smape": 17.947032909018827, "wape": 6.054945994627638, "cvrmse": 1777022321553149.2}