{"mse": 0.09599796742148253, "mae": 0.19717404621457377, "r2": 0.9040020325785174, "rmse": 0.30983538761975293, "mape": 187.19537478715594, "smape": 40.05366595584652, "wape": 23.50656681808699, "cvrmse": 9267928731533068.0}