{"mse": 0.11981254219200184, "mae": 0.1909472227910038, "r2": 0.8801874578079981, "rmse": 0.34613948372296655, "mape": 79.95750649618749, "smape": 32.63701944305273, "wape": 23.00133667669775, "cvrmse": -1.5185679510033878e+16}