{"mse": 0.3945531346203971, "mae": 0.3603196668513135, "r2": 0.6054468653796029, "rmse": 0.6281346468874306, "mape": 451.4728079857281, "smape": 53.9569499472812, "wape": 43.34187691210094, "cvrmse": 8.646519277126637e+16}