{"mse": 0.03665402970670326, "mae": 0.11969222378626322, "r2": 0.9633459702932967, "rmse": 0.19145242152217157, "mape": 44.80283972850778, "smape": 37.297118892131, "wape": 16.357270041726814, "cvrmse": 8.868119405383566e+17}