{"mse": 0.26724455826622406, "mae": 0.27017219666397185, "r2": 0.7327554417337759, "rmse": 0.51695701781311, "mape": 114.05644833226567, "smape": 46.287429988296005, "wape": 32.10671340980893, "cvrmse": -4.3297630843464416e+17}