{"mse": 0.22986067116966846, "mae": 0.2891452983866378, "r2": 0.7701393288303315, "rmse": 0.47943786997865373, "mape": 286.12370167947614, "smape": 49.576750542714834, "wape": 34.780504883064694, "cvrmse": 6.5996499404973624e+16}