{"mse": 0.03351469285933727, "mae": 0.09882071523824552, "r2": 0.9664853071406627, "rmse": 0.1830701856101568, "mape": 30.827649514218585, "smape": 22.550360300075685, "wape": 12.768890437976921, "cvrmse": 1.5008588220831134e+16}