{"mse": 0.12252401731723236, "mae": 0.17228060621102473, "r2": 0.8774759826827676, "rmse": 0.3500343087716294, "mape": 159.2996001853445, "smape": 36.22340514262054, "wape": 20.53883692660488, "cvrmse": 1.0470376067139986e+16}