{"mse": 0.0035046416203052097, "mae": 0.045299234275164926, "r2": 0.9964953583796948, "rmse": 0.059200013685008636, "mape": 194.1164754256172, "smape": 17.145055927013512, "wape": 5.947651364430171, "cvrmse": 1770478012783697.0}