{"mse": 3.7480108571828374, "mae": 0.32407085038866706, "r2": -2.7480108571828374, "rmse": 1.9359780105111828, "mape": 117.53106368378981, "smape": 20.005546593375826, "wape": 34.60261841392384, "cvrmse": -1.938719488253844e+17}