{"mse": 0.6367555733509292, "mae": 0.5364512072513834, "r2": 0.36324442664907086, "rmse": 0.7979696569111693, "mape": 261.75297560975906, "smape": 86.25033537248005, "wape": 63.88068197444938, "cvrmse": 1.470343331556743e+19}