{"mse": 0.0034645845138713805, "mae": 0.04542633472632222, "r2": 0.9965354154861287, "rmse": 0.05886072131626812, "mape": 104.7214917891394, "smape": 17.001594983891, "wape": 5.9643392661980785, "cvrmse": 1760330892177329.2}