{"mse": 3.157853753829471, "mae": 0.19510473437462894, "r2": -2.157853753829471, "rmse": 1.777035102025132, "mape": 45.35428729109148, "smape": 21.167897057565856, "wape": 22.473149613630156, "cvrmse": 4.872581503702403e+16}