{"mse": 0.024612410420784613, "mae": 0.12393267670522964, "r2": 0.9753875895792155, "rmse": 0.15688342940152925, "mape": 39.28691046934141, "smape": 19.022471491240243, "wape": 13.519809552322263, "cvrmse": 4295622198625200.0}