{"mse": 0.16833636922875234, "mae": 0.13854342110275666, "r2": 0.8316636307712477, "rmse": 0.41028815389766293, "mape": 32.6324172982176, "smape": 16.203271118652705, "wape": 14.79295385076664, "cvrmse": -4.108691500845416e+16}