{"mse": 0.0325044154814388, "mae": 0.1085595691944601, "r2": 0.9674955845185612, "rmse": 0.1802898096993804, "mape": 40.05428931864151, "smape": 34.527918513332324, "wape": 14.835869305079353, "cvrmse": 8.351064704620774e+17}