{"mse": 0.04873554071330039, "mae": 0.1402447320395627, "r2": 0.9512644592866996, "rmse": 0.22076127539335424, "mape": 53.12508840208336, "smape": 41.58887637401431, "wape": 19.16599826900386, "cvrmse": 1.0225712136246394e+18}