{"mse": 0.02575374719753419, "mae": 0.09102225208497619, "r2": 0.9742462528024658, "rmse": 0.16047974076977503, "mape": 26.832133021108373, "smape": 12.386462400132823, "wape": 9.718887867560452, "cvrmse": -1.6070699109755754e+16}