{"mse": 0.9294066585814371, "mae": 0.3618521146495604, "r2": 0.07059334141856288, "rmse": 0.9640573938212585, "mape": 140.47817945739908, "smape": 42.90264708632233, "wape": 43.58839157005903, "cvrmse": -4.229470285905087e+16}