{"mse": 1.2284866193446236, "mae": 0.805481522103689, "r2": -0.22848661934462355, "rmse": 1.1083711559512108, "mape": 380.7699176429089, "smape": 111.81027638728784, "wape": 95.64701161991236, "cvrmse": 4.084581722946691e+17}