{"mse": 1.8643647673833863, "mae": 0.048221376956397326, "r2": -0.8643647673833863, "rmse": 1.3654174333819626, "mape": 16.94479713898139, "smape": 7.417397413655544, "wape": 20.979976447051556, "cvrmse": 1.6353060117059376e+17}