{"mse": 1.982098103664023, "mae": 0.053305449146873636, "r2": -0.9820981036640231, "rmse": 1.4078700592256457, "mape": 25.696550497519645, "smape": 5.112871203169234, "wape": 35.35044697391762, "cvrmse": 1.9896567979969295e+18}