{"mse": 0.005065255584092952, "mae": 0.05287205548466713, "r2": 0.994934744415907, "rmse": 0.07117060899060056, "mape": 125.61422687318505, "smape": 19.541414524224308, "wape": 6.941939703294538, "cvrmse": 2128479210236952.8}