{"mse": 3.024981937336746, "mae": 0.3210300761796723, "r2": -2.024981937336746, "rmse": 1.739247520434267, "mape": 238.48395261252278, "smape": 42.89965994276357, "wape": 38.27235420284868, "cvrmse": 5.202511627129819e+16}