{"mse": 0.044521560500210874, "mae": 0.120366266745861, "r2": 0.9554784394997892, "rmse": 0.21100132819537148, "mape": 43.36171079423758, "smape": 14.52740937532197, "wape": 12.852090810143565, "cvrmse": -2.1130012055860024e+16}