{"mse": 0.17546268275374058, "mae": 0.12731734846729467, "r2": 0.8245373172462594, "rmse": 0.41888265988668066, "mape": 61.81031859343511, "smape": 14.17061106578195, "wape": 13.594291560634703, "cvrmse": -4.194758264839411e+16}