{"mse": 0.10046536864951894, "mae": 0.18721609887761648, "r2": 0.8995346313504811, "rmse": 0.3169627243849329, "mape": 111.39650069575362, "smape": 37.680244564524095, "wape": 22.24670459933675, "cvrmse": 4.1716948589914016e+17}