{"mse": 0.27621087032599284, "mae": 0.25058140366333836, "r2": 0.7237891296740071, "rmse": 0.5255576755466452, "mape": 116.5068753926672, "smape": 42.55802110817806, "wape": 29.75532246267466, "cvrmse": 1.9367909967396054e+17}