{"mse": 0.24082263420418862, "mae": 0.28323220872685245, "r2": 0.7591773657958114, "rmse": 0.49073682784583084, "mape": 325.5273306207197, "smape": 47.79186275318331, "wape": 34.06923534164833, "cvrmse": 6.7551845181458024e+16}