{"mse": 0.04593039861213583, "mae": 0.13618349455890558, "r2": 0.9540696013878641, "rmse": 0.21431378539920345, "mape": 52.742883091010704, "smape": 40.54534094983428, "wape": 18.610985118831987, "cvrmse": 9.927062943519818e+17}