{"mse": 0.04570466427229826, "mae": 0.16492316491344908, "r2": 0.9542953357277018, "rmse": 0.21378649225874458, "mape": 46.62407234152298, "smape": 24.292665954476497, "wape": 17.99145987703806, "cvrmse": 5853683881185771.0}