{"mse": 0.6426225223506845, "mae": 0.5452123736963344, "r2": 0.3573774776493155, "rmse": 0.8016374007933291, "mape": 287.63576481886247, "smape": 85.89284806808902, "wape": 64.7413166053241, "cvrmse": 2.95420307369949e+17}