{"mse": 0.03320192552861524, "mae": 0.09459754080234731, "r2": 0.9667980744713848, "rmse": 0.18221395536186366, "mape": 29.131751071632312, "smape": 20.854224352554912, "wape": 12.22320270901805, "cvrmse": 1.4938392152716488e+16}