{"mse": 0.0071381713078931585, "mae": 0.0635222917934685, "r2": 0.9928618286921068, "rmse": 0.08448769915137444, "mape": 284.7233440774017, "smape": 23.331756564249822, "wape": 8.340283263116568, "cvrmse": 2526749647290566.0}