{"mse": 1.1857685339286563, "mae": 0.8149297291690024, "r2": -0.18576853392865633, "rmse": 1.0889299949623283, "mape": 524.5854834660579, "smape": 112.54132183573817, "wape": 96.65461007771663, "cvrmse": 2.6400900921316435e+17}