{"mse": 0.20405848427409995, "mae": 0.2986513691006906, "r2": 0.7959415157259, "rmse": 0.4517283301654878, "mape": 138.20361131562453, "smape": 49.958896225800856, "wape": 35.0491925406679, "cvrmse": -6.2888788389663064e+16}