{"mse": 0.020602297851491317, "mae": 0.10863205256260006, "r2": 0.9793977021485087, "rmse": 0.1435350056658351, "mape": 29.507429044591188, "smape": 19.985838751142566, "wape": 12.205047844132551, "cvrmse": 5.0712315014823496e+16}