{"mse": 0.043271703736533974, "mae": 0.12057579530313872, "r2": 0.956728296263466, "rmse": 0.20801851777313954, "mape": 39.50099180219776, "smape": 27.97513966207995, "wape": 15.57992285307654, "cvrmse": 1.7053919867722476e+16}