{"mse": 0.08038513419290373, "mae": 0.15415949320346464, "r2": 0.9196148658070963, "rmse": 0.2835227225336688, "mape": 161.05030550657443, "smape": 36.21218524325708, "wape": 18.378485897104976, "cvrmse": 8480853031020094.0}