{"mse": 0.08168978752976024, "mae": 0.17261076008594656, "r2": 0.9183102124702398, "rmse": 0.28581425354548057, "mape": 174.12610921999428, "smape": 32.39036363035297, "wape": 20.260489849936743, "cvrmse": 2.1943455604522214e+17}