{"mse": 0.017379155085226795, "mae": 0.10178237659594305, "r2": 0.9826208449147732, "rmse": 0.13183002345909978, "mape": 28.832393684675427, "smape": 18.82697932472235, "wape": 11.435471821975755, "cvrmse": 4.657683083688853e+16}