{"mse": 0.1855280632164102, "mae": 0.2200907511875274, "r2": 0.8144719367835898, "rmse": 0.4307296869457806, "mape": 109.10833863041185, "smape": 41.00992982063644, "wape": 26.13470583569612, "cvrmse": 1.5873298374671258e+17}