{"mse": 0.013627902864578715, "mae": 0.09061568554702429, "r2": 0.9863720971354213, "rmse": 0.11673860914272842, "mape": 23.36141337354106, "smape": 17.248180555798136, "wape": 10.180869747379383, "cvrmse": 4.124488722298859e+16}