{"mse": 1.167723123425269, "mae": 0.8120469997751331, "r2": -0.16772312342526896, "rmse": 1.0806123835239299, "mape": 523.5743315023954, "smape": 112.12173053698626, "wape": 96.31270441941142, "cvrmse": 2.6199242011650016e+17}