{"mse": 0.28414619247793427, "mae": 0.2512791916927764, "r2": 0.7158538075220657, "rmse": 0.5330536487802464, "mape": 123.31877516941697, "smape": 42.40292688433537, "wape": 29.838181396031178, "cvrmse": 1.9644152407496262e+17}