{"mse": 1.9959057759333678, "mae": 0.19013070212292027, "r2": -0.9959057759333678, "rmse": 1.412765294000871, "mape": 52.41004085899472, "smape": 23.11569088531234, "wape": 21.900215433770466, "cvrmse": 3.873763682426109e+16}