{"mse": 0.0037005891341688533, "mae": 0.04742628499459542, "r2": 0.9962994108658312, "rmse": 0.060832467763266465, "mape": 149.5651065840689, "smape": 17.892466536085923, "wape": 6.226926639521714, "cvrmse": 1819299353734948.5}