{"mse": 0.03134770401964861, "mae": 0.12082438051265024, "r2": 0.9686522959803514, "rmse": 0.17705282832998917, "mape": 32.77623300339175, "smape": 21.52368098886754, "wape": 13.574882459712196, "cvrmse": 6.255448810473029e+16}