{"mse": 0.4319481983755581, "mae": 0.3161194408032431, "r2": 0.5680518016244419, "rmse": 0.6572276609939345, "mape": 120.27020299670012, "smape": 47.574422959825526, "wape": 37.56699029161151, "cvrmse": -5.504597029402645e+17}