{"mse": 0.04611961041383233, "mae": 0.1640104667931385, "r2": 0.9538803895861677, "rmse": 0.21475476808171765, "mape": 58.8496855882821, "smape": 24.347991972039896, "wape": 17.89189368438081, "cvrmse": 5880196223090981.0}