{"mse": 0.03204979591569054, "mae": 0.10905206035002486, "r2": 0.9679502040843094, "rmse": 0.17902456791091703, "mape": 41.193948986926024, "smape": 33.964348015215535, "wape": 14.90317368434396, "cvrmse": 8.292458419218033e+17}