{"mse": 0.09223025288559598, "mae": 0.17860496087107186, "r2": 0.9077697471144041, "rmse": 0.30369434121431366, "mape": 99.09128666628868, "smape": 36.30543599024946, "wape": 21.223451553021814, "cvrmse": 3.997063454092259e+17}