{"mse": 1.3420916149247588, "mae": 0.8496506628067274, "r2": -0.3420916149247588, "rmse": 1.158486778053491, "mape": 552.0780234201212, "smape": 114.21814505964709, "wape": 100.7726808538444, "cvrmse": 2.808729191733158e+17}