{"mse": 0.26915215171516177, "mae": 0.33559916513114224, "r2": 0.7308478482848382, "rmse": 0.5187987583978606, "mape": 145.5501660539809, "smape": 53.67650710060714, "wape": 39.38532004922124, "cvrmse": -7.222621021300664e+16}