{"mse": 0.065163373410392, "mae": 0.1938824321615417, "r2": 0.934836626589608, "rmse": 0.25527117622323126, "mape": 66.18743615584295, "smape": 28.59304201233598, "wape": 21.150624904194245, "cvrmse": 6989575224335252.0}