{"mse": 0.04408281164602501, "mae": 0.13386124083927636, "r2": 0.955917188353975, "rmse": 0.20995907135921757, "mape": 52.0726942282464, "smape": 40.06669789507942, "wape": 18.293623388923688, "cvrmse": 9.72535160565396e+17}