{"mse": 2.037054012364177, "mae": 0.053333698403728015, "r2": -1.0370540123641772, "rmse": 1.427254011157151, "mape": 25.36803899623058, "smape": 4.585737579504043, "wape": 35.36918096589153, "cvrmse": 2.0170509537855524e+18}