{"mse": 0.03975459607034676, "mae": 0.12476923936661707, "r2": 0.9602454039296532, "rmse": 0.19938554629247016, "mape": 47.050709700633575, "smape": 38.70960951329254, "wape": 17.051100536531553, "cvrmse": 9.235583536479274e+17}