{"mse": 0.03293536780371094, "mae": 0.0996677715601937, "r2": 0.967064632196289, "rmse": 0.18148103979124358, "mape": 32.16353301710677, "smape": 24.72542052713923, "wape": 12.878340863868656, "cvrmse": 1.4878305754904576e+16}