{"mse": 0.3234941481214864, "mae": 0.2769995566832731, "r2": 0.6765058518785136, "rmse": 0.5687654596769097, "mape": 145.2624200695601, "smape": 47.10073601768788, "wape": 32.91558444291875, "cvrmse": 7.485788585109836e+17}