{"mse": 0.1995390166508054, "mae": 0.2831016485739978, "r2": 0.8004609833491946, "rmse": 0.44669790311888125, "mape": 129.9367646132129, "smape": 48.18654065705594, "wape": 33.2243050461462, "cvrmse": -6.2188461576138264e+16}