{"mse": 0.0034083415334965088, "mae": 0.04505578889080642, "r2": 0.9965916584665034, "rmse": 0.058381003190220264, "mape": 93.12435637609295, "smape": 16.905920200764026, "wape": 5.915687727613514, "cvrmse": 1745984098289398.2}