{"mse": 0.05096528494475417, "mae": 0.14322119659804217, "r2": 0.9490347150552458, "rmse": 0.22575492230459598, "mape": 55.11085156308, "smape": 41.82916237528991, "wape": 19.572765166739998, "cvrmse": 1.0457018989014972e+18}