{"mse": 0.031746194281362584, "mae": 0.11206544401929913, "r2": 0.9682538057186374, "rmse": 0.17817461738800672, "mape": 42.133856268096274, "smape": 36.69474769897616, "wape": 15.314985988087837, "cvrmse": 8.253088519031297e+17}