{"mse": 0.2511644071502668, "mae": 0.2507695149760407, "r2": 0.7488355928497332, "rmse": 0.5011630544546024, "mape": 148.3473533900016, "smape": 44.04292196894261, "wape": 29.798694426582408, "cvrmse": 6.596041669700123e+17}