{"mse": 0.027638121475466754, "mae": 0.12859898211993026, "r2": 0.9723618785245333, "rmse": 0.16624716982693796, "mape": 44.437504380138506, "smape": 18.965218476944113, "wape": 14.028856578473196, "cvrmse": 4552010597240598.0}