{"mse": 0.03596208363129637, "mae": 0.11090947446800199, "r2": 0.9640379163687036, "rmse": 0.18963671488215664, "mape": 32.141270449851675, "smape": 18.756470273153404, "wape": 12.775113947273956, "cvrmse": 5199786702607377.0}