{"mse": 0.15901256160003038, "mae": 0.1995479344382946, "r2": 0.8409874383999696, "rmse": 0.3987637917364494, "mape": 109.35735918705345, "smape": 37.791172448117955, "wape": 23.71208447067645, "cvrmse": 5.248317016352415e+17}