{"mse": 0.04146952864541189, "mae": 0.11825621893514833, "r2": 0.9585304713545881, "rmse": 0.203640685142758, "mape": 40.12801555459009, "smape": 23.370034886687822, "wape": 14.245041462675717, "cvrmse": -8934034761133078.0}