{"mse": 0.01992700017599648, "mae": 0.10550298883812327, "r2": 0.9800729998240035, "rmse": 0.1411630269440142, "mape": 29.941685374274524, "smape": 19.52659018970335, "wape": 11.853490715608524, "cvrmse": 4.9874271837889464e+16}