{"mse": 0.2667438032325121, "mae": 0.3014410692642115, "r2": 0.733256196767488, "rmse": 0.5164724612527876, "mape": 118.17836746698897, "smape": 54.25035019875152, "wape": 35.89564310679516, "cvrmse": 9.516550319409836e+18}