{"mse": 3.1875586820552435, "mae": 0.2374970869224877, "r2": -2.1875586820552435, "rmse": 1.7853735413227236, "mape": 124.87895223514272, "smape": 26.211875949865114, "wape": 28.608692895304365, "cvrmse": -7.832712440837966e+16}