{"mse": 0.04436916731910356, "mae": 0.1237448133100781, "r2": 0.9556308326808964, "rmse": 0.21063989963704302, "mape": 38.50056300221066, "smape": 21.217958823580148, "wape": 13.902999448918862, "cvrmse": 7.44211274144055e+16}