{"mse": 0.03756137484499736, "mae": 0.14515344626772944, "r2": 0.9624386251550027, "rmse": 0.19380757169160692, "mape": 40.63593423686573, "smape": 21.32884981148605, "wape": 15.834782250935877, "cvrmse": 5306641436868006.0}