{"mse": 0.5057506315339864, "mae": 0.18084032303559303, "r2": 0.49424936846601364, "rmse": 0.7111614665699951, "mape": 47.91880949816135, "smape": 23.142210820238766, "wape": 20.830102605057913, "cvrmse": 1.949985233384448e+16}