{"mse": 0.06849869243136095, "mae": 0.19531769764136084, "r2": 0.9315013075686391, "rmse": 0.2617225485726458, "mape": 59.2517072427526, "smape": 28.5826207224659, "wape": 21.307197944170863, "cvrmse": 7166220128016022.0}