{"mse": 0.31204073670392113, "mae": 0.2731332361625205, "r2": 0.6879592632960789, "rmse": 0.5586060657600499, "mape": 158.36385886411637, "smape": 46.858171795789424, "wape": 32.45615338422672, "cvrmse": 7.352076043814405e+17}