{"mse": 0.05187534874135136, "mae": 0.17598980268181652, "r2": 0.9481246512586486, "rmse": 0.22776160506404797, "mape": 62.45591738938426, "smape": 25.376085332239644, "wape": 19.198718842070573, "cvrmse": 6236336179288629.0}