{"mse": 0.13597081944821457, "mae": 0.2172836052591316, "r2": 0.8640291805517855, "rmse": 0.3687422127289125, "mape": 223.64990008901796, "smape": 41.068502662457306, "wape": 26.136456431741063, "cvrmse": 5.075880890267564e+16}