{"mse": 0.25024830653969404, "mae": 0.3165193526596709, "r2": 0.7497516934603059, "rmse": 0.5002482449141566, "mape": 124.92824399908228, "smape": 50.50521410571042, "wape": 37.14614725397794, "cvrmse": -6.9643641799445176e+16}