{"mse": 0.04457823960124612, "mae": 0.1299957309847873, "r2": 0.9554217603987539, "rmse": 0.21113559529659162, "mape": 43.323517916956796, "smape": 32.015546577075064, "wape": 16.797098081587826, "cvrmse": 1.7309466301162616e+16}