{"mse": 0.0366493442496325, "mae": 0.10971724231455657, "r2": 0.9633506557503675, "rmse": 0.19144018452151706, "mape": 38.76411459162449, "smape": 22.654543780177296, "wape": 13.21644375251339, "cvrmse": -8398779752650956.0}