{"mse": 0.015137732938890609, "mae": 0.0953645666808725, "r2": 0.9848622670611094, "rmse": 0.12303549463017008, "mape": 34.252624668873395, "smape": 17.73900042895791, "wape": 10.714416891868028, "cvrmse": 4.346963817464735e+16}