{"mse": 0.2081467772112352, "mae": 0.273206287694814, "r2": 0.7918532227887648, "rmse": 0.4562310568245384, "mape": 107.00164294947156, "smape": 50.183253739967824, "wape": 32.533441516655905, "cvrmse": 8.406538848202363e+18}