{"mse": 0.03346168677145726, "mae": 0.1411081855190989, "r2": 0.9665383132285428, "rmse": 0.18292535847021663, "mape": 42.2907409189026, "smape": 20.936674157512165, "wape": 15.393484956590731, "cvrmse": 5008675763486818.0}