{"mse": 0.5760568107528314, "mae": 0.1268177638584044, "r2": 0.42394318924716856, "rmse": 0.7589840648872883, "mape": 39.58375571845999, "smape": 13.019692873774217, "wape": 13.540948485914575, "cvrmse": -7.600588384175794e+16}