{"mse": 0.10556089829820207, "mae": 0.13228964047422134, "r2": 0.894439101701798, "rmse": 0.32490136703036826, "mape": 40.95625386349509, "smape": 15.038923721852933, "wape": 14.125207324122652, "cvrmse": -3.2536144966634756e+16}