{"mse": 0.23619070863133407, "mae": 0.28733945462645766, "r2": 0.763809291368666, "rmse": 0.48599455617458726, "mape": 122.11202485316583, "smape": 52.64871744359247, "wape": 34.21642093742746, "cvrmse": 8.954962743949687e+18}