{"mse": 0.0289342376262225, "mae": 0.13315269806338462, "r2": 0.9710657623737775, "rmse": 0.17010066909398827, "mape": 38.41278561890322, "smape": 19.996679804689855, "wape": 14.52562122479249, "cvrmse": 4657523187429845.0}