{"mse": 0.018280413466341735, "mae": 0.09897067190468012, "r2": 0.9817195865336583, "rmse": 0.13520507929194722, "mape": 26.833412071427436, "smape": 18.4524285701197, "wape": 11.119570672444766, "cvrmse": 4.7769270923500216e+16}