{"mse": 0.6245821815363818, "mae": 0.5311814443489956, "r2": 0.3754178184636182, "rmse": 0.7903051192649468, "mape": 286.2923220754504, "smape": 84.63668480479579, "wape": 63.07521201385177, "cvrmse": 2.912441223653517e+17}