{"mse": 0.21625659924089216, "mae": 0.26332903144690534, "r2": 0.7837434007591079, "rmse": 0.4650339764370902, "mape": 181.79561620035508, "smape": 47.429546304973925, "wape": 31.293485597497828, "cvrmse": -3.8948826977179386e+17}