{"mse": 0.03320932058940787, "mae": 0.09642512240376178, "r2": 0.9667906794105922, "rmse": 0.18223424647800937, "mape": 29.877262315817376, "smape": 21.562681911159927, "wape": 12.459349443826264, "cvrmse": 1.4940055673216872e+16}