{"mse": 0.050157873837263375, "mae": 0.12774426815546075, "r2": 0.9498421261627367, "rmse": 0.22395953616058276, "mape": 41.560018755585986, "smape": 30.156943140454864, "wape": 16.506180513104958, "cvrmse": 1.8360807605889268e+16}