{"mse": 0.15447782523432857, "mae": 0.24041415670045638, "r2": 0.8455221747656715, "rmse": 0.3930366716151669, "mape": 89.46727373717998, "smape": 46.217710806649, "wape": 28.628550143499915, "cvrmse": 7.242115588750393e+18}