{"mse": 0.17541296620231786, "mae": 0.2508991194933629, "r2": 0.8245870337976822, "rmse": 0.41882331143612084, "mape": 106.92585418358335, "smape": 47.01897239813432, "wape": 29.877100924323734, "cvrmse": 7.717261649450994e+18}