{"mse": 0.0310649154219531, "mae": 0.10850387551643936, "r2": 0.9689350845780469, "rmse": 0.17625241962013768, "mape": 41.24225054475797, "smape": 34.940241979184215, "wape": 14.82825814620717, "cvrmse": 8.164051884285727e+17}