{"mse": 0.06542988585330158, "mae": 0.16019611493856736, "r2": 0.9345701141466984, "rmse": 0.25579266184412247, "mape": 57.77528212979364, "smape": 38.72378855931719, "wape": 20.699370929552494, "cvrmse": 2.0970573218863576e+16}