{"mse": 0.09760621718435168, "mae": 0.19040092556121962, "r2": 0.9023937828156483, "rmse": 0.31241993723888956, "mape": 172.91078693446394, "smape": 39.16625207547967, "wape": 22.699093338378756, "cvrmse": 9345238885990526.0}