{"mse": 0.6582539811541345, "mae": 0.5474057715112819, "r2": 0.34174601884586553, "rmse": 0.811328528497633, "mape": 434.2243299950745, "smape": 85.50923042044943, "wape": 64.9249739037832, "cvrmse": 1.9670506088175568e+17}