{"mse": 0.04128058375332267, "mae": 0.12899590691039453, "r2": 0.9587194162466773, "rmse": 0.20317623816116556, "mape": 50.42501826529588, "smape": 39.111775181631636, "wape": 17.628721539827716, "cvrmse": 9.411169239983758e+17}