{"mse": 0.034863760011176595, "mae": 0.10202828981643192, "r2": 0.9651362399888234, "rmse": 0.1867183976237387, "mape": 32.149512412596124, "smape": 24.399191558565178, "wape": 13.183349777415609, "cvrmse": 1.5307678494168916e+16}