{"mse": 0.0036966237708293236, "mae": 0.04701144283616375, "r2": 0.9963033762291706, "rmse": 0.060799866536278876, "mape": 41.258083676288415, "smape": 17.478988315928838, "wape": 6.172459128776793, "cvrmse": 1818324358089197.2}