{"mse": 0.3552843354019172, "mae": 0.2061037770587729, "r2": 0.6447156645980828, "rmse": 0.5960573256004134, "mape": 165.11353162600616, "smape": 41.29438812567058, "wape": 24.57114564469518, "cvrmse": 1.7829521850333172e+16}