{"mse": 4.214033088675718, "mae": 0.2513731094962365, "r2": -3.214033088675718, "rmse": 2.052811021179426, "mape": 199.38202181047743, "smape": 40.79210396137053, "wape": 29.968035388456887, "cvrmse": 6.140456191836114e+16}