{"mse": 0.3215965132357048, "mae": 0.32058700840724796, "r2": 0.6784034867642952, "rmse": 0.567094800924594, "mape": 212.3098885760769, "smape": 51.46869760990794, "wape": 38.56254303137814, "cvrmse": 7.806281905400997e+16}