{"mse": 0.129246236927384, "mae": 0.20964529227340484, "r2": 0.870753763072616, "rmse": 0.35950832664541166, "mape": 149.4976712619157, "smape": 39.86728164754447, "wape": 25.21766444867653, "cvrmse": 4.948772834026097e+16}