{"mse": 0.0038369995898353067, "mae": 0.04733786486193453, "r2": 0.9961630004101647, "rmse": 0.061943519352998556, "mape": 171.79872249939916, "smape": 17.78701863062754, "wape": 6.215317345654425, "cvrmse": 1852527258396517.2}