{"mse": 1.1869856636880753, "mae": 0.7968545168850136, "r2": -0.18698566368807534, "rmse": 1.08948871664101, "mape": 399.1801045782031, "smape": 110.90648557961362, "wape": 94.62259672552639, "cvrmse": 4.014995947390393e+17}