{"mse": 0.26427441776739546, "mae": 0.2980435014130556, "r2": 0.7357255822326045, "rmse": 0.5140762762153058, "mape": 239.16063819699133, "smape": 49.86145607004388, "wape": 35.85084562710471, "cvrmse": 7.076461160413767e+16}