{"mse": 0.012684437460083913, "mae": 0.08858973157158678, "r2": 0.987315562539916, "rmse": 0.11262520792470891, "mape": 21.810042237437912, "smape": 16.959718641915355, "wape": 9.95324940313544, "cvrmse": 3.97915825229755e+16}