{"mse": 0.5028215610357775, "mae": 0.39502384950842756, "r2": 0.49717843896422254, "rmse": 0.7090991193308432, "mape": 389.2494352142536, "smape": 56.98765261159454, "wape": 47.51634905846978, "cvrmse": 9.761026931199435e+16}