{"mse": 0.66384626681525, "mae": 0.5504197295782657, "r2": 0.33615373318474995, "rmse": 0.8147676152224327, "mape": 250.96455286760028, "smape": 86.37545612012754, "wape": 65.41075925238069, "cvrmse": -6.824069741106456e+17}