{"mse": 0.033046614342154154, "mae": 0.09656601866228687, "r2": 0.9669533856578458, "rmse": 0.1817872777235914, "mape": 30.266357560284874, "smape": 22.130162326445657, "wape": 12.477555028393127, "cvrmse": 1.4903411967633254e+16}