{"mse": 0.6188223091784064, "mae": 0.5337898381261382, "r2": 0.3811776908215936, "rmse": 0.7866525975158325, "mape": 289.5003437150654, "smape": 85.7520373101001, "wape": 63.38494608355468, "cvrmse": 2.898980909841674e+17}