{"mse": 7.3759391548989335, "mae": 0.217490411239436, "r2": -6.3759391548989335, "rmse": 2.7158680297280524, "mape": 53.728683787261275, "smape": 19.582920509220795, "wape": 25.05164504070272, "cvrmse": 7.446835638231778e+16}