{"mse": 0.1827958937426628, "mae": 0.27776425467145227, "r2": 0.8172041062573372, "rmse": 0.4275463644362595, "mape": 131.5803715716448, "smape": 47.213986780688145, "wape": 32.59791800791156, "cvrmse": -5.952221953834838e+16}