{"mse": 0.12096154853318705, "mae": 0.20812170869997051, "r2": 0.8790384514668129, "rmse": 0.3477952681293796, "mape": 108.08927049736235, "smape": 40.24661600003751, "wape": 24.730897619996405, "cvrmse": 4.577496407037567e+17}