{"mse": 0.019477481188639997, "mae": 0.1033221309601274, "r2": 0.98052251881136, "rmse": 0.13956174686725584, "mape": 24.984933097096896, "smape": 19.0259246841479, "wape": 11.608466580334504, "cvrmse": 4.930852399608018e+16}