{"mse": 0.5281500289354657, "mae": 0.3137318794704424, "r2": 0.4718499710645343, "rmse": 0.726739312914518, "mape": 234.4268324901166, "smape": 45.14300734591988, "wape": 37.283257367176226, "cvrmse": -6.086790469180046e+17}