{"mse": 0.6974570459332143, "mae": 0.484819651534901, "r2": 0.30254295406678544, "rmse": 0.8351389381014481, "mape": 226.56163943110278, "smape": 62.86962761964617, "wape": 56.89757045251385, "cvrmse": -1.162665089767321e+17}