{"mse": 0.1313100532231954, "mae": 0.1990816863044295, "r2": 0.8686899467768046, "rmse": 0.3623672904984601, "mape": 124.4385003839745, "smape": 38.578546178982556, "wape": 23.656680664239538, "cvrmse": 4.769285617961861e+17}