{"mse": 0.23039069586910185, "mae": 0.29112966738098733, "r2": 0.7696093041308981, "rmse": 0.4799903080991343, "mape": 450.910402214667, "smape": 51.597702191167684, "wape": 35.01919925535046, "cvrmse": 6.607254467459575e+16}