{"mse": 0.13756660940989845, "mae": 0.1997555737941982, "r2": 0.8624333905901016, "rmse": 0.37089972958995054, "mape": 101.45413088120019, "smape": 40.173615552444076, "wape": 23.720002462547406, "cvrmse": 1.366843812557379e+17}