{"mse": 0.5113744002254453, "mae": 0.24536616887719356, "r2": 0.48862559977455466, "rmse": 0.71510446805026, "mape": 152.93622574671372, "smape": 34.95365704516158, "wape": 28.800283201226616, "cvrmse": 5.490231138790762e+17}