{"mse": 0.030546300285391872, "mae": 0.10847964277768418, "r2": 0.9694536997146082, "rmse": 0.1747749990284419, "mape": 41.2154898114903, "smape": 35.212420335797276, "wape": 14.824946473659612, "cvrmse": 8.095617428795629e+17}