{"mse": 0.03256765545056006, "mae": 0.0993197228150111, "r2": 0.9674323445494399, "rmse": 0.1804651086791019, "mape": 31.33387989510772, "smape": 23.832154242500376, "wape": 12.833368549272494, "cvrmse": 1.4795016978678966e+16}