{"mse": 1.1832009540914454, "mae": 0.8131086159379748, "r2": -0.18320095409144543, "rmse": 1.0877504098328097, "mape": 420.13751560576543, "smape": 112.30079284036715, "wape": 96.55269190254482, "cvrmse": 4.008589919788966e+17}