{"mse": 0.17783814715753593, "mae": 0.24908689044686538, "r2": 0.8221618528424641, "rmse": 0.4217086045571467, "mape": 221.6693279585797, "smape": 44.7303760636974, "wape": 29.96198747769423, "cvrmse": 5.804984005741378e+16}