{"mse": 0.501613724753108, "mae": 0.43755289986335943, "r2": 0.49838627524689194, "rmse": 0.7082469376941265, "mape": 220.67707839799908, "smape": 60.13273471735699, "wape": 51.35042869623665, "cvrmse": -9.86008377556386e+16}