{"mse": 0.041890949953657296, "mae": 0.14065236700568007, "r2": 0.9581090500463427, "rmse": 0.20467278752598572, "mape": 35.629723180089925, "smape": 24.401768101795863, "wape": 15.802599952767826, "cvrmse": 7.23128886074262e+16}