{"mse": 0.13569900383680397, "mae": 0.17198295317535905, "r2": 0.864300996163196, "rmse": 0.3683734570199161, "mape": 144.08528742033917, "smape": 31.0201561774361, "wape": 20.1867999158136, "cvrmse": 2.82819575991322e+17}