{"mse": 2.7046147841569845, "mae": 0.2768057216099639, "r2": -1.7046147841569845, "rmse": 1.6445713071061967, "mape": 94.20635390199867, "smape": 35.47150213890362, "wape": 33.343776901933644, "cvrmse": -7.214991058662392e+16}