{"mse": 0.03852583826644951, "mae": 0.15328508268088498, "r2": 0.9614741617335505, "rmse": 0.19627999965979598, "mape": 57.91550339864645, "smape": 23.118235605331193, "wape": 16.721862063761, "cvrmse": 5374338940072581.0}