{"mse": 0.03793032802839524, "mae": 0.1115424519462011, "r2": 0.9620696719716048, "rmse": 0.19475710007184652, "mape": 37.67290262053019, "smape": 22.687256572390147, "wape": 13.436306920091157, "cvrmse": -8544298015888052.0}