{"mse": 0.0564983481891098, "mae": 0.1735636686811391, "r2": 0.9435016518108902, "rmse": 0.23769381184437638, "mape": 46.04072649194303, "smape": 25.155382619181864, "wape": 18.934052004319714, "cvrmse": 6508289744363479.0}