{"mse": 0.0035772377711098626, "mae": 0.04651078498147611, "r2": 0.9964227622288901, "rmse": 0.05981001397015271, "mape": 276.45503612783943, "smape": 17.495474786727183, "wape": 6.106724278724854, "cvrmse": 1788721118239479.0}