{"mse": 0.23460602512492243, "mae": 0.3149864209114686, "r2": 0.7653939748750775, "rmse": 0.48436146123006363, "mape": 141.50349339739245, "smape": 51.670947930717624, "wape": 36.9662451153866, "cvrmse": -6.743191295583853e+16}