{"mse": 0.6528793630449087, "mae": 0.5403713041368094, "r2": 0.3471206369550913, "rmse": 0.8080095067787932, "mape": 257.1633260153491, "smape": 85.0603305827204, "wape": 64.2166248453161, "cvrmse": -6.767467340034383e+17}