{"mse": 0.1325701676891043, "mae": 0.2186369461544785, "r2": 0.8674298323108958, "rmse": 0.36410186444057696, "mape": 176.5694280914067, "smape": 42.487428170569245, "wape": 26.299246142940603, "cvrmse": 5.01200467976637e+16}