{"mse": 0.02709720641981329, "mae": 0.12874757491920946, "r2": 0.9729027935801867, "rmse": 0.16461229121731247, "mape": 39.433968689399244, "smape": 19.46484084397133, "wape": 14.045066559573497, "cvrmse": 4507246017103899.0}