{"mse": 0.025716877043583154, "mae": 0.08818440414291351, "r2": 0.9742831229564168, "rmse": 0.16036482483257716, "mape": 28.60900098608143, "smape": 11.686199759693984, "wape": 9.41587706193519, "cvrmse": -1.605919124315051e+16}