{"mse": 0.06855062107458415, "mae": 0.16023076430227623, "r2": 0.9314493789254159, "rmse": 0.26182173529824476, "mape": 57.755198697779264, "smape": 37.90772014803233, "wape": 20.703848067042113, "cvrmse": 2.1464852942918464e+16}