{"mse": 0.05052130036921395, "mae": 0.13639756570190822, "r2": 0.949478699630786, "rmse": 0.22476943824553627, "mape": 46.58817201341015, "smape": 33.04564645620105, "wape": 17.624296365954393, "cvrmse": 1.8427205566058188e+16}