{"mse": 0.5465643089490632, "mae": 0.34001955274599205, "r2": 0.45343569105093684, "rmse": 0.739299877552447, "mape": 130.08509783993674, "smape": 48.982587969769654, "wape": 40.407230901427454, "cvrmse": -6.191991225169228e+17}