{"mse": 0.03486889558016562, "mae": 0.09557300408070232, "r2": 0.9651311044198344, "rmse": 0.1867321492945594, "mape": 28.10468985357498, "smape": 12.538468334005822, "wape": 10.20479375701536, "cvrmse": -1.8699657483470028e+16}