{"mse": 0.23577825570245411, "mae": 0.25133388149251623, "r2": 0.7642217442975459, "rmse": 0.4855700317178297, "mape": 109.78159886793807, "smape": 45.876922893928516, "wape": 29.844675543653022, "cvrmse": 1.7894280865358403e+17}