{"mse": 0.587165074663619, "mae": 0.4549366261857104, "r2": 0.4128349253363808, "rmse": 0.7662669734913667, "mape": 177.336715658556, "smape": 61.839115225839834, "wape": 53.39055184310537, "cvrmse": -1.0667828056795146e+17}