{"mse": 0.03287642225058274, "mae": 0.10360963225870673, "r2": 0.9671235777494173, "rmse": 0.18131856565333496, "mape": 34.23045318225664, "smape": 24.992918785805486, "wape": 13.387679288102202, "cvrmse": 1.4864985686296584e+16}