{"mse": 12.64153806901679, "mae": 0.42821816830025644, "r2": -11.64153806901679, "rmse": 3.5554940682016034, "mape": 113.2310374220699, "smape": 34.245508646156466, "wape": 51.58278877370018, "cvrmse": -1.559850752615936e+17}