{"mse": 0.005211803129868415, "mae": 0.05409861891219476, "r2": 0.9947881968701315, "rmse": 0.07219281910182214, "mape": 49.617582958001535, "smape": 19.07759164013286, "wape": 7.102983742118267, "cvrmse": 2159050158007211.2}