{"mse": 0.01301494069900499, "mae": 0.08772837856233992, "r2": 0.986985059300995, "rmse": 0.11408304299502617, "mape": 24.345544745289356, "smape": 16.697696107117707, "wape": 9.856474515424582, "cvrmse": 4.030664984737233e+16}