{"mse": 0.014698537512410733, "mae": 0.09283044479245535, "r2": 0.9853014624875893, "rmse": 0.12123752518263779, "mape": 25.0609619063063, "smape": 17.573865526893425, "wape": 10.429702775165026, "cvrmse": 4.283439806309882e+16}