{"mse": 0.02512520286695735, "mae": 0.08885784513285165, "r2": 0.9748747971330427, "rmse": 0.15850931476401425, "mape": 29.272054157955722, "smape": 11.530736283468796, "wape": 9.487783626722416, "cvrmse": -1.587337748333284e+16}