{"mse": 1.121604504681622, "mae": 0.7883863376187965, "r2": -0.12160450468162187, "rmse": 1.0590583103312217, "mape": 348.59508501300036, "smape": 112.81058472642712, "wape": 93.88115121311873, "cvrmse": 1.951426737644249e+19}