{"mse": 0.19064236350000574, "mae": 0.25475820505359653, "r2": 0.8093576364999943, "rmse": 0.43662611408389873, "mape": 236.3389490772265, "smape": 45.27673265746003, "wape": 30.644174552751036, "cvrmse": 6.01032936334732e+16}