{"mse": 0.0240682481135454, "mae": 0.12175228814130536, "r2": 0.9759317518864546, "rmse": 0.15513944731610138, "mape": 40.57491795327847, "smape": 18.656666481956893, "wape": 13.28195107207309, "cvrmse": 4247870258291241.5}