{"mse": 0.03947728325334633, "mae": 0.11225016388655037, "r2": 0.9605227167466537, "rmse": 0.19868891074578454, "mape": 36.75119958802465, "smape": 14.315983363236102, "wape": 11.985495095311254, "cvrmse": -1.9897026788081692e+16}