{"mse": 0.0871263270995994, "mae": 0.09908512846671381, "r2": 0.9128736729004006, "rmse": 0.29517169088447387, "mape": 30.701106863608587, "smape": 12.557646204448544, "wape": 10.579800332909612, "cvrmse": -2.955896742584739e+16}