{"mse": 0.03267253700004123, "mae": 0.11261966588263256, "r2": 0.9673274629999588, "rmse": 0.18075546188162955, "mape": 42.706046317254234, "smape": 35.9929058700766, "wape": 15.390726553304193, "cvrmse": 8.372633818872404e+17}