{"mse": 1.3533564556415225, "mae": 0.8212621045945243, "r2": -0.3533564556415223, "rmse": 1.1633384957275, "mape": 369.08665890349005, "smape": 112.29851469161345, "wape": 97.79600197019502, "cvrmse": 2.143573987709407e+19}