{"mse": 0.029894669048848674, "mae": 0.09210810917711963, "r2": 0.9701053309511514, "rmse": 0.17290074912749417, "mape": 23.321271275587556, "smape": 15.74240569313254, "wape": 10.609477646971769, "cvrmse": 4740891112476194.0}