{"mse": 0.03422972910365031, "mae": 0.10956350630499789, "r2": 0.9657702708963497, "rmse": 0.18501278091972542, "mape": 36.13843228203168, "smape": 28.875526912174042, "wape": 14.156995369202408, "cvrmse": 1.5167847430537294e+16}