{"mse": 0.006988135810159634, "mae": 0.06292450726761571, "r2": 0.9930118641898403, "rmse": 0.08359507048959068, "mape": 130.18994323279287, "smape": 22.123666672017062, "wape": 8.26179597723384, "cvrmse": 2500054055163213.5}