{"mse": 0.07960287017158037, "mae": 0.18240154004621864, "r2": 0.9203971298284196, "rmse": 0.2821398060741879, "mape": 182.66644784889533, "smape": 38.10138890534873, "wape": 21.74542781433014, "cvrmse": 8439486641962359.0}