{"mse": 0.07545845929922494, "mae": 0.16086708357801852, "r2": 0.9245415407007751, "rmse": 0.27469703183548405, "mape": 59.16160147956661, "smape": 29.38308762712156, "wape": 19.37790922273004, "cvrmse": -1.2051387616761664e+16}