{"mse": 1.17871471856777, "mae": 0.8101485237838486, "r2": -0.17871471856777, "rmse": 1.0856862892050216, "mape": 415.9518722483704, "smape": 111.96922120894374, "wape": 96.20119536178957, "cvrmse": 4.000983199472445e+17}