{"mse": 0.0365424094235272, "mae": 0.14786578936668848, "r2": 0.9634575905764728, "rmse": 0.1911606900582, "mape": 45.690368571986056, "smape": 21.97567962462174, "wape": 16.130671625016785, "cvrmse": 5234167221171870.0}