{"mse": 0.02884996012093451, "mae": 0.09288423174151997, "r2": 0.9711500398790655, "rmse": 0.16985276012162567, "mape": 23.451915924250812, "smape": 16.18204935974585, "wape": 10.698875367453489, "cvrmse": 4657316090032585.0}