{"mse": 0.030962640590461072, "mae": 0.09260248839086932, "r2": 0.969037359409539, "rmse": 0.1759620430390062, "mape": 23.461291710184078, "smape": 16.001779450670885, "wape": 10.666422744035033, "cvrmse": 4824830951782865.0}