{"mse": 0.04374919378229628, "mae": 0.12357506603229967, "r2": 0.9562508062177038, "rmse": 0.20916307939571047, "mape": 31.969016733737334, "smape": 20.731217664968728, "wape": 14.234000811715966, "cvrmse": 5735194261269929.0}