{"mse": 0.2057603531640113, "mae": 0.23398234496180242, "r2": 0.7942396468359887, "rmse": 0.4536081493580239, "mape": 125.12198854173471, "smape": 42.21000429373974, "wape": 27.803891551164444, "cvrmse": 5.970149292304054e+17}