{"mse": 0.6244488766550984, "mae": 0.46607392927671953, "r2": 0.3755511233449015, "rmse": 0.7902207771598381, "mape": 268.67794562763606, "smape": 61.911109535665986, "wape": 54.697605889420316, "cvrmse": -1.1001308511625632e+17}