{"mse": 0.20625373510787026, "mae": 0.29921595524138556, "r2": 0.7937462648921296, "rmse": 0.45415166531443024, "mape": 133.9967522341659, "smape": 49.896013816796206, "wape": 35.11545136416031, "cvrmse": -6.322616065790942e+16}