{"mse": 0.02576883455918293, "mae": 0.09297379639281594, "r2": 0.9742311654408171, "rmse": 0.16052674094736655, "mape": 30.047532760815365, "smape": 12.225314085981324, "wape": 9.927263730187574, "cvrmse": -1.6075405783062646e+16}