{"mse": 0.3581539285830586, "mae": 0.34953323412738835, "r2": 0.6418460714169414, "rmse": 0.5984596298690987, "mape": 296.1153151540553, "smape": 53.47493878561188, "wape": 42.04440613142902, "cvrmse": 8.23803105255645e+16}