{"mse": 0.21291837938264502, "mae": 0.2784027748380532, "r2": 0.787081620617355, "rmse": 0.4614307958758767, "mape": 104.30918784611372, "smape": 52.07113040576077, "wape": 33.152239905203515, "cvrmse": 8.502349529394989e+18}