{"mse": 0.005692938600645616, "mae": 0.0588415247261147, "r2": 0.9943070613993544, "rmse": 0.07545156460038199, "mape": 24.192081905951945, "smape": 11.971067793938605, "wape": 6.652859534463854, "cvrmse": -1021044585993994.1}