{"mse": 0.24314825599625822, "mae": 0.1672802953740871, "r2": 0.7568517440037418, "rmse": 0.4931006550353165, "mape": 60.222256614087286, "smape": 28.445694729637417, "wape": 20.150439147722967, "cvrmse": -2.1633095516913584e+16}