{"mse": 1.9708507402416684, "mae": 0.0520486372984254, "r2": -0.9708507402416684, "rmse": 1.4038699157121604, "mape": 25.345770175556193, "smape": 6.79045228378602, "wape": 34.51697007210323, "cvrmse": 1.9840036393958103e+18}