{"mse": 0.04647360778624483, "mae": 0.1374494127134024, "r2": 0.9535263922137551, "rmse": 0.21557738236244736, "mape": 52.86630327301074, "smape": 40.96367457797073, "wape": 18.783986876580308, "cvrmse": 9.9855930402469e+17}