{"mse": 0.4108514280120849, "mae": 0.40915714869964925, "r2": 0.589148571987915, "rmse": 0.6409769325116816, "mape": 188.18964574809092, "smape": 58.345600464234636, "wape": 48.01795393521111, "cvrmse": -8.923563119588954e+16}