{"mse": 0.41926233920870115, "mae": 0.34745177772446934, "r2": 0.5807376607912988, "rmse": 0.6475047020745881, "mape": 366.8039889382148, "smape": 52.64713220077033, "wape": 41.7940333776974, "cvrmse": 8.913155668551131e+16}