{"mse": 0.013656856792760151, "mae": 0.08939473399313241, "r2": 0.9863431432072398, "rmse": 0.11686255513533901, "mape": 24.334074373757904, "smape": 17.22120866604918, "wape": 10.043693179514838, "cvrmse": 4.128867854896469e+16}