{"mse": 0.032069982936422596, "mae": 0.09422916089835888, "r2": 0.9679300170635774, "rmse": 0.17908093962346355, "mape": 23.485226032728665, "smape": 16.03408433055985, "wape": 10.853791106726828, "cvrmse": 4910350240580642.0}