{"mse": 0.031485133261192406, "mae": 0.10745562792797149, "r2": 0.9685148667388076, "rmse": 0.17744050625827354, "mape": 40.47301333001242, "smape": 34.46329375894883, "wape": 14.685003485772613, "cvrmse": 8.219084325699425e+17}