{"mse": 0.045808725661073676, "mae": 0.14582429730375504, "r2": 0.9541912743389264, "rmse": 0.21402973078774284, "mape": 45.98357302510579, "smape": 21.854426274693477, "wape": 15.907965357168758, "cvrmse": 5860343990725139.0}