{"mse": 0.04355589300311562, "mae": 0.11898399696415778, "r2": 0.9564441069968844, "rmse": 0.20870048635093216, "mape": 42.100985375795396, "smape": 14.45729455001732, "wape": 12.70449915312162, "cvrmse": -2.0899602056418624e+16}