{"mse": 0.16212484659957793, "mae": 0.264675186185657, "r2": 0.8378751534004221, "rmse": 0.4026472980159906, "mape": 122.8571777942511, "smape": 46.468987966787324, "wape": 31.061808252519963, "cvrmse": -5.605581724599978e+16}