{"mse": 1.9806342086694757, "mae": 0.05258817361499027, "r2": -0.9806342086694757, "rmse": 1.407350066141852, "mape": 24.75715262512596, "smape": 4.252897400973386, "wape": 34.87477307825889, "cvrmse": 1.9889219235194865e+18}