{"mse": 0.06079047707006499, "mae": 0.1570797600474661, "r2": 0.939209522929935, "rmse": 0.24655724907222865, "mape": 149.3927921746113, "smape": 37.50988836816576, "wape": 18.726632364721006, "cvrmse": 7375125966723442.0}