{"mse": 0.0040116062977023125, "mae": 0.048774134412928785, "r2": 0.9959883937022976, "rmse": 0.06333724258050956, "mape": 151.1332363065814, "smape": 17.941980798582726, "wape": 6.403895159194725, "cvrmse": 1894208943528273.0}