{"mse": 0.6413886943248613, "mae": 0.5393113609147957, "r2": 0.35861130567513866, "rmse": 0.8008674636448039, "mape": 297.2172211389605, "smape": 84.80141666735098, "wape": 64.04060004933038, "cvrmse": 2.9513656927483546e+17}