{"mse": 0.029690004111033393, "mae": 0.12378771426261576, "r2": 0.9703099958889666, "rmse": 0.17230787594022914, "mape": 31.530281489776918, "smape": 22.89605155121657, "wape": 13.907819464429288, "cvrmse": 6.087805022671147e+16}