{"mse": 0.01915026782481427, "mae": 0.10303582255502697, "r2": 0.9808497321751858, "rmse": 0.13838449271798584, "mape": 28.59895920617843, "smape": 19.051889573801944, "wape": 11.576299207077753, "cvrmse": 4.8892588642935176e+16}