{"mse": 1.007995873460723, "mae": 0.772095384491339, "r2": -0.007995873460723057, "rmse": 1.003989976773037, "mape": 335.68324310384725, "smape": 113.82027618199518, "wape": 91.94122232167695, "cvrmse": 1.849957519703506e+19}