{"mse": 0.18028602713493053, "mae": 0.24753621229824088, "r2": 0.8197139728650695, "rmse": 0.4246010211185679, "mape": 257.2922943807933, "smape": 44.163794616218425, "wape": 29.77546060272434, "cvrmse": 5.844799251851007e+16}