{"mse": 0.26327398948820246, "mae": 0.34390418609245893, "r2": 0.7367260105117974, "rmse": 0.5131023187320464, "mape": 150.86560571553318, "smape": 54.79036717148642, "wape": 40.35998251135558, "cvrmse": -7.143316234596975e+16}