{"mse": 0.03178738244897063, "mae": 0.10790704651988964, "r2": 0.9682126175510294, "rmse": 0.17829016363493144, "mape": 40.92702476147625, "smape": 33.47762063958633, "wape": 14.746694843625964, "cvrmse": 8.258440647285541e+17}