{"mse": 0.3921922339691942, "mae": 0.3812097453250059, "r2": 0.6078077660308057, "rmse": 0.6262525321060141, "mape": 189.50512993013282, "smape": 57.02657429666312, "wape": 44.73809647184439, "cvrmse": -8.718572721723611e+16}