{"mse": 0.049438790526969284, "mae": 0.12897181340759872, "r2": 0.9505612094730307, "rmse": 0.22234835400103434, "mape": 47.68904767505491, "smape": 25.895771740735924, "wape": 15.535832669529576, "cvrmse": -9754769398528554.0}