{"mse": 1.1927369287135465, "mae": 0.7968967590295982, "r2": -0.19273692871354653, "rmse": 1.0921249602099325, "mape": 382.6463265293443, "smape": 111.51231463812212, "wape": 94.62761277466353, "cvrmse": 4.02471106153879e+17}