{"mse": 0.035350226386477134, "mae": 0.11857362460564289, "r2": 0.9646497736135229, "rmse": 0.1880165588092632, "mape": 45.69611902322224, "smape": 37.607423830675536, "wape": 16.204401055864082, "cvrmse": 8.708969468515059e+17}