{"mse": 0.05283766095499499, "mae": 0.13995946854437025, "r2": 0.947162339045005, "rmse": 0.22986444038823184, "mape": 123.12254132548404, "smape": 34.27588349058229, "wape": 16.68559662046947, "cvrmse": 6875803528441265.0}