{"mse": 0.02738991657318806, "mae": 0.1305953575540185, "r2": 0.972610083426812, "rmse": 0.16549899266517623, "mape": 43.732836813676265, "smape": 19.68675278733074, "wape": 14.246641075519154, "cvrmse": 4531524772594691.0}