{"mse": 0.5404841897048688, "mae": 0.4516865706728429, "r2": 0.4595158102951311, "rmse": 0.7351762983835025, "mape": 221.11424642777902, "smape": 62.02970657327943, "wape": 53.00913111906394, "cvrmse": -1.0234989388688157e+17}