{"mse": 0.9208155046473747, "mae": 0.7234954228670477, "r2": 0.0791844953526254, "rmse": 0.9595913216819829, "mape": 307.38564029700643, "smape": 109.27259752981199, "wape": 86.15393234912038, "cvrmse": 1.7681483106968455e+19}