{"mse": 0.03515942846467614, "mae": 0.09446837466763894, "r2": 0.9648405715353239, "rmse": 0.18750847571423576, "mape": 22.01423551118863, "smape": 16.0394433745905, "wape": 10.88134495796423, "cvrmse": 5141430968422676.0}