{"mse": 0.03592780549822038, "mae": 0.10793264598313358, "r2": 0.9640721945017796, "rmse": 0.18954631491596027, "mape": 37.300230709569504, "smape": 21.943702207977022, "wape": 13.001472827819773, "cvrmse": -8315692736531184.0}