{"mse": 0.033370958611532824, "mae": 0.1041091396211146, "r2": 0.9666290413884672, "rmse": 0.1826771978423493, "mape": 28.5620918306519, "smape": 17.475046582129238, "wape": 11.99181700203716, "cvrmse": 5008958654448837.0}