{"mse": 0.6965726532322982, "mae": 0.36240687513241737, "r2": 0.3034273467677018, "rmse": 0.8346092817793834, "mape": 136.37188398128617, "smape": 50.19410402730565, "wape": 43.067694682487605, "cvrmse": -6.990253219480773e+17}