{"mse": 0.0037354908995850806, "mae": 0.0469209245772232, "r2": 0.996264509100415, "rmse": 0.0611186624492477, "mape": 230.7514258893224, "smape": 17.54813372736924, "wape": 6.160574357325176, "cvrmse": 1827858497008147.0}