{"mse": 0.6570117260256796, "mae": 0.496964783278177, "r2": 0.3429882739743203, "rmse": 0.8105625984621296, "mape": 210.45625950814983, "smape": 65.16869384647408, "wape": 58.32290147370981, "cvrmse": -1.1284503611404187e+17}