{"mse": 0.016237916731216828, "mae": 0.09653197912905163, "r2": 0.9837620832687832, "rmse": 0.12742808454660545, "mape": 26.19610561531672, "smape": 18.36315471309862, "wape": 10.845578224529506, "cvrmse": 4.5021582960101384e+16}