{"mse": 0.14978980381512286, "mae": 0.15816304648746643, "r2": 0.8502101961848771, "rmse": 0.38702687738078717, "mape": 46.44418247802247, "smape": 24.499769334612832, "wape": 18.218019252343602, "cvrmse": 1.06121708120015e+16}