{"mse": 0.24316065309736223, "mae": 0.28757570134147387, "r2": 0.7568393469026378, "rmse": 0.4931132254334315, "mape": 219.0982295586647, "smape": 50.241104831863694, "wape": 34.59170230526601, "cvrmse": 6.7878965611020776e+16}