{"mse": 0.06091473218529137, "mae": 0.1454250491914966, "r2": 0.9390852678147086, "rmse": 0.24680910069381837, "mape": 57.92316662540999, "smape": 27.15519152922363, "wape": 17.517775167330367, "cvrmse": -1.082790054166631e+16}