{"mse": 0.018348048445470652, "mae": 0.10380477167962501, "r2": 0.9816519515545293, "rmse": 0.13545496833069895, "mape": 25.816263360397322, "smape": 18.874595837765558, "wape": 11.662692316975173, "cvrmse": 4.785755915390885e+16}