{"mse": 0.28186919410427275, "mae": 0.3264848072605203, "r2": 0.7181308058957272, "rmse": 0.5309135467326792, "mape": 165.77986964101905, "smape": 51.742301119231364, "wape": 38.31567524948729, "cvrmse": -7.391280879249987e+16}