{"mse": 0.031898488213358556, "mae": 0.10720957363021241, "r2": 0.9681015117866414, "rmse": 0.1786014787546804, "mape": 40.08950677248362, "smape": 34.05224970238338, "wape": 14.65137743667723, "cvrmse": 8.272860833944374e+17}