{"mse": 0.1883023630818222, "mae": 0.25059969142673777, "r2": 0.8116976369181779, "rmse": 0.43393820191569005, "mape": 186.20438751843884, "smape": 44.09708830558686, "wape": 30.143958210613427, "cvrmse": 5.9733292002568024e+16}