{"mse": 0.20970558573554388, "mae": 0.21983949158730634, "r2": 0.7902944142644561, "rmse": 0.4579362245286388, "mape": 212.6568748300092, "smape": 40.77704077450137, "wape": 26.208681099071196, "cvrmse": 1.3697984355897296e+16}