{"mse": 0.3896461050456645, "mae": 0.29706303103321596, "r2": 0.6103538949543355, "rmse": 0.6242163928043419, "mape": 124.46651664590914, "smape": 46.355396289662465, "wape": 35.30236537957024, "cvrmse": -5.228111817963983e+17}