{"mse": 0.4871080415056247, "mae": 0.12045022074050617, "r2": 0.5128919584943753, "rmse": 0.6979312584385547, "mape": 44.64854660370023, "smape": 12.768041245917038, "wape": 12.861054985840168, "cvrmse": -6.989195770044313e+16}