{"mse": 0.0498270995619039, "mae": 0.13595175226529413, "r2": 0.9501729004380961, "rmse": 0.22321984580655882, "mape": 44.77246683598353, "smape": 34.004705668998035, "wape": 17.566691612596973, "cvrmse": 1.8300165793037736e+16}