{"mse": 0.23780482066305056, "mae": 0.2721071960697489, "r2": 0.7621951793369495, "rmse": 0.48765235635957976, "mape": 122.99146804830508, "smape": 48.67388945836554, "wape": 32.33666479687451, "cvrmse": -4.084322482925617e+17}