{"mse": 0.0034928876701756893, "mae": 0.045623683046820775, "r2": 0.9965071123298244, "rmse": 0.059100657104432346, "mape": 162.10612814029602, "smape": 17.042400279192197, "wape": 5.990250499058028, "cvrmse": 1767506583718297.2}