{"mse": 0.030764601831595573, "mae": 0.10861284048416098, "r2": 0.9692353981684044, "rmse": 0.1753984088627818, "mape": 41.13100492743659, "smape": 35.047513432017915, "wape": 14.843149417717786, "cvrmse": 8.124493913122447e+17}