{"mse": 0.1925471225832294, "mae": 0.2435590595544388, "r2": 0.8074528774167706, "rmse": 0.4388019172510865, "mape": 97.10435568190145, "smape": 44.96700544954486, "wape": 29.003045598706613, "cvrmse": 8.085388552265116e+18}