{"mse": 0.662401357575822, "mae": 0.543496992873272, "r2": 0.33759864242417803, "rmse": 0.8138804319897499, "mape": 299.89400511478163, "smape": 85.33897681698723, "wape": 64.58321225346883, "cvrmse": 1.0711861530575416e+18}