{"mse": 0.047220665147644975, "mae": 0.12684519447539777, "r2": 0.952779334852355, "rmse": 0.21730316414549739, "mape": 49.9119092950156, "smape": 25.410385501246054, "wape": 15.279661999290859, "cvrmse": -9533429043509196.0}