{"mse": 0.1758915996740119, "mae": 0.2577810459192451, "r2": 0.8241084003259881, "rmse": 0.41939432479948024, "mape": 95.25681881350718, "smape": 49.37974447998687, "wape": 30.696601649535694, "cvrmse": 7.727783173468525e+18}