{"mse": 0.6112087065925016, "mae": 0.19004362765634938, "r2": 0.3887912934074984, "rmse": 0.7817983797581711, "mape": 246.25314324093836, "smape": 36.978662072365665, "wape": 22.65649722983385, "cvrmse": 2.338548776397039e+16}