{"mse": 0.033628062891982356, "mae": 0.14289809022760508, "r2": 0.9663719371080176, "rmse": 0.18337955963515223, "mape": 38.48609211972753, "smape": 21.183194168712824, "wape": 15.588745572427873, "cvrmse": 5021112236951107.0}