{"mse": 0.013846828983608455, "mae": 0.09134571662085815, "r2": 0.9861531710163915, "rmse": 0.11767254983048704, "mape": 22.57692851553846, "smape": 17.354581533339182, "wape": 10.262890329460452, "cvrmse": 4.1574857561186376e+16}