{"mse": 0.0037464756919424816, "mae": 0.04646417433567321, "r2": 0.9962535243080575, "rmse": 0.06120846095061108, "mape": 177.84183074651963, "smape": 17.629987133692858, "wape": 6.100604443024704, "cvrmse": 1830544075310387.5}