{"mse": 2.0503102100626136, "mae": 0.25895482657873914, "r2": -1.0503102100626136, "rmse": 1.4318904322826567, "mape": 260.8277553132475, "smape": 41.351106569533506, "wape": 30.871907589779635, "cvrmse": 4.283131949422842e+16}