{"mse": 0.026476290971965254, "mae": 0.12807263058209262, "r2": 0.9735237090280348, "rmse": 0.16271536796493827, "mape": 40.485826074143596, "smape": 19.554750056893507, "wape": 13.97143691532768, "cvrmse": 4455306397584672.5}