{"mse": 0.0322015394235426, "mae": 0.10893817169281439, "r2": 0.9677984605764574, "rmse": 0.17944787383399838, "mape": 40.32821100677524, "smape": 34.9412769773055, "wape": 14.88760953604968, "cvrmse": 8.312066045180899e+17}