{"mse": 0.03965317303787579, "mae": 0.1355934962001585, "r2": 0.9603468269621243, "rmse": 0.19913104488721942, "mape": 33.02363745748021, "smape": 24.304200707070937, "wape": 15.234224793115056, "cvrmse": 7.035493697657126e+16}