{"mse": 0.1675860280984212, "mae": 0.24014608541856408, "r2": 0.8324139719015788, "rmse": 0.4093727251520565, "mape": 298.94807214775705, "smape": 43.13711797954094, "wape": 28.886522254221887, "cvrmse": 5.635175797254613e+16}