{"mse": 0.003378070432214421, "mae": 0.04489454537417916, "r2": 0.9966219295677856, "rmse": 0.058121170258473125, "mape": 49.92050218555355, "smape": 17.10550229341521, "wape": 5.894516945435426, "cvrmse": 1738213348520603.2}