{"mse": 0.16226714338957482, "mae": 0.2612173314184102, "r2": 0.8377328566104252, "rmse": 0.40282396079376265, "mape": 122.82589253429614, "smape": 45.72192422956886, "wape": 30.65600057824126, "cvrmse": -5.608041191342647e+16}