{"mse": 0.1288165169471819, "mae": 0.2076603888629482, "r2": 0.8711834830528181, "rmse": 0.3589101794978542, "mape": 125.18566294200303, "smape": 39.542978504761265, "wape": 24.67607943821836, "cvrmse": 4.723784961011817e+17}