{"mse": 0.00355457450057755, "mae": 0.04574967441671954, "r2": 0.9964454254994225, "rmse": 0.059620252436378945, "mape": 269.2126412057407, "smape": 17.41186175637245, "wape": 6.006792781837754, "cvrmse": 1783045973888902.0}