{"mse": 0.04455085299819346, "mae": 0.16308221422467511, "r2": 0.9554491470018066, "rmse": 0.2110707298471142, "mape": 51.73339648517775, "smape": 23.966513740847102, "wape": 17.79063065774637, "cvrmse": 5779323642210286.0}