{"mse": 0.15256951196732763, "mae": 0.22210464808576313, "r2": 0.8474304880326724, "rmse": 0.39060147460977107, "mape": 110.45970448390324, "smape": 43.74752814782804, "wape": 26.373846293597353, "cvrmse": 1.439448902635758e+17}