{"mse": 0.25536638141189777, "mae": 0.24789213526913725, "r2": 0.7446336185881022, "rmse": 0.5053378883597566, "mape": 119.31486732995242, "smape": 42.57264276548848, "wape": 29.43598492569749, "cvrmse": 1.8622768118999987e+17}