{"mse": 0.0033941016975216603, "mae": 0.04500170887836465, "r2": 0.9966058983024784, "rmse": 0.05825891946750867, "mape": 72.69262701815954, "smape": 16.99790433031123, "wape": 5.90858718684424, "cvrmse": 1742332975032405.0}