{"mse": 0.10940486156758242, "mae": 0.19881346384653797, "r2": 0.8905951384324176, "rmse": 0.3307640572486412, "mape": 114.85697362727709, "smape": 38.96026877374717, "wape": 23.62480805379955, "cvrmse": 4.353340664397969e+17}