{"mse": 0.2729773742281076, "mae": 0.32226065160295225, "r2": 0.7270226257718924, "rmse": 0.5224723669516959, "mape": 143.37924784719704, "smape": 52.15645283903855, "wape": 37.819935868115365, "cvrmse": -7.273764324817618e+16}