{"mse": 0.03974716671915769, "mae": 0.11468742206902166, "r2": 0.9602528332808423, "rmse": 0.19936691480573623, "mape": 36.212548427760254, "smape": 23.534223606860817, "wape": 13.815147290617661, "cvrmse": -8746537784655686.0}