{"mse": 26.205802025140326, "mae": 0.3823263533499055, "r2": -25.205802025140326, "rmse": 5.119160285158136, "mape": 95.94473977428133, "smape": 24.98862416919897, "wape": 44.038282144235616, "cvrmse": 1.403659707763988e+17}