{"mse": 0.03255566142135097, "mae": 0.10909966585459091, "r2": 0.967444338578649, "rmse": 0.18043187473767203, "mape": 40.24446993330706, "smape": 34.62574023813854, "wape": 14.909679504597161, "cvrmse": 8.357645189280534e+17}