{"mse": 0.15910747943287273, "mae": 0.21245433474971695, "r2": 0.8408925205671273, "rmse": 0.3988827890908214, "mape": 112.43688587789089, "smape": 41.20816148211082, "wape": 25.22791853925492, "cvrmse": 1.469967294953756e+17}