{"mse": 0.09782208685571, "mae": 0.1976109065863472, "r2": 0.90217791314429, "rmse": 0.31276522641705234, "mape": 197.48477479309383, "smape": 39.743408275914916, "wape": 23.558648152909786, "cvrmse": 9355567323679864.0}