{"mse": 0.03327230267167503, "mae": 0.09760968968917827, "r2": 0.966727697328325, "rmse": 0.18240696990980096, "mape": 30.52455007657785, "smape": 22.32051169773992, "wape": 12.61241056919283, "cvrmse": 1.4954216006616922e+16}