{"mse": 0.6204532383969449, "mae": 0.3473218494056675, "r2": 0.3795467616030551, "rmse": 0.7876885414914608, "mape": 236.3000321390317, "smape": 49.03201755701337, "wape": 41.275020958955864, "cvrmse": -6.597269504803165e+17}