{"mse": 0.13697276279417483, "mae": 0.2193636526815956, "r2": 0.8630272372058252, "rmse": 0.37009831503828117, "mape": 192.19480229733261, "smape": 42.723991208293455, "wape": 26.38665970302953, "cvrmse": 5.094548169357827e+16}