{"mse": 0.032649397210188745, "mae": 0.14072529499024738, "r2": 0.9673506027898112, "rmse": 0.18069144199487908, "mape": 43.696999347982036, "smape": 21.173444145120452, "wape": 15.351715447797076, "cvrmse": 4947508938934721.0}