{"mse": 1.1341203843334122, "mae": 0.7835937152364311, "r2": -0.13412038433341222, "rmse": 1.0649508835309787, "mape": 357.38863476296933, "smape": 111.76765302302762, "wape": 93.31044509466265, "cvrmse": 1.962284425821905e+19}