{"mse": 1.8400067182587456, "mae": 0.048013582279882165, "r2": -0.8400067182587456, "rmse": 1.3564684730058216, "mape": 16.701410188027406, "smape": 7.054390874881274, "wape": 20.889569915876542, "cvrmse": 1.6245881987178797e+17}