{"mse": 0.2605958632761669, "mae": 0.2744668339832759, "r2": 0.7394041367238331, "rmse": 0.5104859089888446, "mape": 173.3880164801763, "smape": 48.359965020334194, "wape": 32.617079359053754, "cvrmse": -4.275564442802471e+17}