{"mse": 0.27627089140725025, "mae": 0.3019797074187205, "r2": 0.7237291085927497, "rmse": 0.5256147747231333, "mape": 384.51079519380215, "smape": 49.578257895040856, "wape": 36.32432118753977, "cvrmse": 7.235293108741094e+16}