{"mse": 0.1527837292675198, "mae": 0.21619842514806512, "r2": 0.8472162707324802, "rmse": 0.3908755930824024, "mape": 108.59891549759028, "smape": 41.42703856597052, "wape": 25.672511056910103, "cvrmse": 1.440459087082746e+17}