{"mse": 0.005393579547235051, "mae": 0.056037724031437405, "r2": 0.9946064204527649, "rmse": 0.07344099364275411, "mape": 136.88233911054402, "smape": 20.2018040381412, "wape": 7.3575823328622185, "cvrmse": 2196378959865175.0}