{"mse": 0.0033751952997667996, "mae": 0.04484505187449032, "r2": 0.9966248047002332, "rmse": 0.058096431041560544, "mape": 118.79749202096062, "smape": 16.986404529573218, "wape": 5.888018599808508, "cvrmse": 1737473479779520.5}