{"mse": 0.2281561415724547, "mae": 0.27383833673774416, "r2": 0.7718438584275453, "rmse": 0.47765692873908433, "mape": 122.75576697806852, "smape": 50.55333919855287, "wape": 32.516970106932924, "cvrmse": 1.760266631345282e+17}