{"mse": 0.003530221634405864, "mae": 0.045864903603516645, "r2": 0.9964697783655941, "rmse": 0.05941566825683158, "mape": 273.59556137196864, "smape": 17.498802415589903, "wape": 6.021922022785028, "cvrmse": 1776927532876721.5}