{"mse": 0.18349474962664838, "mae": 0.27862897881927534, "r2": 0.8165052503733515, "rmse": 0.4283628714380465, "mape": 121.67179912169397, "smape": 47.74284036914487, "wape": 32.69940049313464, "cvrmse": -5.963589214337462e+16}