{"mse": 0.004747355491390308, "mae": 0.052854980814410785, "r2": 0.9952526445086097, "rmse": 0.06890105580751509, "mape": 136.91510096358044, "smape": 18.983502955690106, "wape": 6.9396978511424585, "cvrmse": 2060604327118241.5}