{"mse": 0.03353071241820322, "mae": 0.0945283878538943, "r2": 0.9664692875817967, "rmse": 0.1831139328893441, "mape": 22.2776086879188, "smape": 15.687183646868277, "wape": 10.888257580140365, "cvrmse": 5020933809636151.0}