{"mse": 0.2289841412387801, "mae": 0.27788238113729896, "r2": 0.7710158587612199, "rmse": 0.4785228743109154, "mape": 393.6052826957201, "smape": 47.06405203045552, "wape": 33.42571906924049, "cvrmse": 6.587054666985878e+16}