{"mse": 0.03125224582054234, "mae": 0.10823744615718528, "r2": 0.9687477541794577, "rmse": 0.1767830473222541, "mape": 40.782580403831325, "smape": 34.91227851910092, "wape": 14.79184761895232, "cvrmse": 8.188630679292652e+17}