{"mse": 0.1719680264748453, "mae": 0.2737896311580098, "r2": 0.8280319735251547, "rmse": 0.41469027776745054, "mape": 118.95446790423793, "smape": 47.69683737128667, "wape": 32.131463274357856, "cvrmse": -5.773241876641605e+16}