{"mse": 0.4138666730718685, "mae": 0.3484581113373497, "r2": 0.5861333269281315, "rmse": 0.6433247026749933, "mape": 412.7634322364206, "smape": 51.72297693031302, "wape": 41.915082522650046, "cvrmse": 8.85561634069194e+16}