{"mse": 1.9670022928461537, "mae": 0.05133445426671379, "r2": -0.9670022928461537, "rmse": 1.402498589249256, "mape": 23.978423722544797, "smape": 5.079837038834766, "wape": 34.043347022372785, "cvrmse": 1.982065627431346e+18}