{"mse": 0.4415264462838928, "mae": 0.3154016072859023, "r2": 0.5584735537161072, "rmse": 0.6644745640608772, "mape": 203.02163240041682, "smape": 48.035746046522284, "wape": 37.48168441890588, "cvrmse": -5.565293319991409e+17}