{"mse": 0.0366205661189641, "mae": 0.1475773046582699, "r2": 0.9633794338810359, "rmse": 0.19136500756137237, "mape": 41.7425438998134, "smape": 22.103824870555687, "wape": 16.099200842489804, "cvrmse": 5239761634842854.0}