{"mse": 0.031195899555775838, "mae": 0.10730794607306313, "r2": 0.9688041004442242, "rmse": 0.17662360984810563, "mape": 40.43980928472267, "smape": 34.31831997270839, "wape": 14.664821122168837, "cvrmse": 8.181245499480352e+17}