{"mse": 0.2103924112470894, "mae": 0.27686424584271113, "r2": 0.7896075887529106, "rmse": 0.4586855254388233, "mape": 328.14329118625335, "smape": 49.21144634702662, "wape": 33.30325033195645, "cvrmse": 6.31398579508146e+16}