{"mse": 0.0434002870374873, "mae": 0.12073464944327887, "r2": 0.9565997129625127, "rmse": 0.20832735547087258, "mape": 40.727087282688515, "smape": 24.144534197767893, "wape": 14.543591049907498, "cvrmse": -9139646304798796.0}