{"mse": 0.23247185090887354, "mae": 0.26143332939161795, "r2": 0.7675281490911264, "rmse": 0.4821533479183501, "mape": 256.10415474458676, "smape": 45.0750837489521, "wape": 31.447107181879158, "cvrmse": 6.637029557222126e+16}