{"mse": 0.03201972524052038, "mae": 0.13832957773028046, "r2": 0.9679802747594797, "rmse": 0.1789405634296494, "mape": 40.762517551962574, "smape": 20.84913324590763, "wape": 15.090366770781069, "cvrmse": 4899568166218388.0}