{"mse": 0.23954799809212982, "mae": 0.22391269429870223, "r2": 0.7604520019078702, "rmse": 0.4894364086294866, "mape": 115.41936921537177, "smape": 41.23280183953789, "wape": 26.588542984201336, "cvrmse": 1.803676501773445e+17}