{"mse": 1.8235185877944486, "mae": 0.04793411588800327, "r2": -0.8235185877944486, "rmse": 1.3503772020418772, "mape": 16.57454970919544, "smape": 7.101662146445505, "wape": 20.85499597512286, "cvrmse": 1.617292926383766e+17}