{"mse": 0.03294831036725721, "mae": 0.09664990932420062, "r2": 0.9670516896327428, "rmse": 0.18151669445882165, "mape": 30.277200899541846, "smape": 21.908562999545055, "wape": 12.488394766480058, "cvrmse": 1.4881228820842628e+16}