{"mse": 0.028456025070047786, "mae": 0.09561131658078559, "r2": 0.9715439749299523, "rmse": 0.1686891373801164, "mape": 31.155021353413666, "smape": 12.804388395760652, "wape": 10.20888456869828, "cvrmse": -1.6892801277696772e+16}