{"mse": 0.03396313639873461, "mae": 0.09593188346066109, "r2": 0.9660368636012654, "rmse": 0.1842909015625422, "mape": 29.89159575023152, "smape": 21.359268409101865, "wape": 12.395616713203822, "cvrmse": 1.5108665811307644e+16}