{"mse": 0.3350818878387892, "mae": 0.284953831778929, "r2": 0.6649181121612108, "rmse": 0.5788625811354446, "mape": 117.59606251567524, "smape": 46.534039297619714, "wape": 33.863332811155296, "cvrmse": -4.848251882356368e+17}