{"mse": 0.027153097522649133, "mae": 0.12885429649627358, "r2": 0.9728469024773508, "rmse": 0.16478196965277825, "mape": 42.87197869180234, "smape": 19.41443046295752, "wape": 14.056708811119972, "cvrmse": 4511891979120380.0}