{"mse": 0.012539132252423207, "mae": 0.08721730160451258, "r2": 0.9874608677475768, "rmse": 0.1119782668754219, "mape": 23.485376661233655, "smape": 16.638379736508256, "wape": 9.799053905437285, "cvrmse": 3.956301195139073e+16}