{"mse": 0.0036228647205627834, "mae": 0.046156387166573144, "r2": 0.9963771352794372, "rmse": 0.060190237751339574, "mape": 125.94491104435048, "smape": 17.42025559519339, "wape": 6.0601929260190905, "cvrmse": 1800092362984635.2}