{"mse": 0.031561618445520655, "mae": 0.10774645759279129, "r2": 0.9684383815544794, "rmse": 0.1776558989888055, "mape": 40.27042925641642, "smape": 34.52025834122042, "wape": 14.724748585438382, "cvrmse": 8.229061365625179e+17}