{"mse": 0.031455446314151134, "mae": 0.10766210261053748, "r2": 0.9685445536858488, "rmse": 0.1773568332885743, "mape": 40.15642226059741, "smape": 34.20498572290658, "wape": 14.713220541423135, "cvrmse": 8.215208574845002e+17}