{"mse": 0.013717402434634544, "mae": 0.09160074265461689, "r2": 0.9862825975653655, "rmse": 0.11712131503118697, "mape": 24.73693775184028, "smape": 17.421414002295034, "wape": 10.291543060124186, "cvrmse": 4.138010093955556e+16}