{"mse": 0.5155460693206976, "mae": 0.14677052351066677, "r2": 0.4844539306793024, "rmse": 0.7180153684432511, "mape": 39.830845365378174, "smape": 15.264168073419256, "wape": 15.671401526426958, "cvrmse": -7.190321274874078e+16}