{"mse": 0.0325933144141527, "mae": 0.10860112113890585, "r2": 0.9674066855858473, "rmse": 0.18053618588569081, "mape": 40.12226960438318, "smape": 34.253032332117854, "wape": 14.84154783919425, "cvrmse": 8.362476905215953e+17}