{"mse": 0.30950622929490246, "mae": 0.28396845977973695, "r2": 0.6904937707050975, "rmse": 0.5563328403886494, "mape": 214.64314120515522, "smape": 46.898109897396346, "wape": 33.74623321034234, "cvrmse": -4.659554492778352e+17}