{"mse": 0.09023097564140833, "mae": 0.16350364684847377, "r2": 0.9097690243585916, "rmse": 0.3003847127292072, "mape": 141.8954365406118, "smape": 35.22200526575734, "wape": 19.492471110837652, "cvrmse": 8985236099089289.0}