{"mse": 0.11771290119679176, "mae": 0.19430842708086016, "r2": 0.8822870988032082, "rmse": 0.3430931377873824, "mape": 97.7153965929109, "smape": 38.01140667319577, "wape": 23.089478972935083, "cvrmse": 4.515609467454744e+17}