{"mse": 7.300731569597802, "mae": 0.3798958856206428, "r2": -6.300731569597802, "rmse": 2.7019865968575423, "mape": 200.77389831049484, "smape": 36.36389737463312, "wape": 44.5909439876015, "cvrmse": 2.0744564764235172e+18}