{"mse": 0.09782077600476433, "mae": 0.19709119345115494, "r2": 0.9021792239952356, "rmse": 0.31276313082709145, "mape": 181.74741063614667, "smape": 39.71169171692436, "wape": 23.49668933138548, "cvrmse": 9355504639495990.0}