{"mse": 0.032759893825144444, "mae": 0.09549183006083947, "r2": 0.9672401061748556, "rmse": 0.1809969442425602, "mape": 29.47617568070275, "smape": 21.463668976018788, "wape": 12.338756229694521, "cvrmse": 1.483861829446141e+16}