{"mse": 0.6220805936980721, "mae": 0.17831368143115592, "r2": 0.3779194063019279, "rmse": 0.7887208591752041, "mape": 52.249388452102416, "smape": 16.220077739192508, "wape": 19.039417674080436, "cvrmse": -7.89837742047252e+16}