{"mse": 0.2945093630704469, "mae": 0.28679618913692756, "r2": 0.705490636929553, "rmse": 0.5426871686989171, "mape": 171.140939293533, "smape": 49.6146948166475, "wape": 34.07970862652967, "cvrmse": 7.142559984285299e+17}