{"mse": 0.3249275994564448, "mae": 0.3138420722389725, "r2": 0.6750724005435552, "rmse": 0.5700242095353888, "mape": 440.5779674238767, "smape": 48.07653348664875, "wape": 37.75121292625233, "cvrmse": 7.84660636154958e+16}