{"mse": 0.006342497099729815, "mae": 0.06072364853237274, "r2": 0.9936575029002702, "rmse": 0.07963979595484794, "mape": 74.21863312554034, "smape": 22.03206478785711, "wape": 7.972829934671783, "cvrmse": 2381764781860923.5}