{"mse": 0.29229406273170133, "mae": 0.30807080440438966, "r2": 0.7077059372682987, "rmse": 0.5406422687246173, "mape": 134.652027024083, "smape": 54.54669271848118, "wape": 36.610506740052166, "cvrmse": -4.528138426021756e+17}