{"mse": 0.4504423796305504, "mae": 0.3690389354272647, "r2": 0.5495576203694497, "rmse": 0.6711500425616841, "mape": 559.8893706448882, "smape": 55.83054551209942, "wape": 44.390694115682486, "cvrmse": 9.238643035549594e+16}