{"mse": 0.1491193081687694, "mae": 0.21071691695527958, "r2": 0.8508806918312306, "rmse": 0.38615969257390054, "mape": 101.43382428083363, "smape": 40.89524942937929, "wape": 25.02160862970022, "cvrmse": 1.4230799980286552e+17}