{"mse": 0.03187784947076314, "mae": 0.1023328022802185, "r2": 0.9681221505292369, "rmse": 0.1785436906495526, "mape": 34.23688676809573, "smape": 27.319269022017572, "wape": 13.222696651982496, "cvrmse": 1.463749393958075e+16}