{"mse": 0.14911698001538876, "mae": 0.23159050920028063, "r2": 0.8508830199846112, "rmse": 0.3861566780665443, "mape": 100.8159762897054, "smape": 44.33926087921862, "wape": 27.57782901137421, "cvrmse": 7.115344444662932e+18}