{"mse": 0.8694826812096258, "mae": 0.6995885090873658, "r2": 0.13051731879037431, "rmse": 0.9324605520930233, "mape": 301.3648248780528, "smape": 107.01113186260534, "wape": 83.30709383798104, "cvrmse": 1.718157003634439e+19}