{"mse": 0.35997216769654083, "mae": 0.3215655151823889, "r2": 0.6400278323034592, "rmse": 0.5999768059654813, "mape": 396.3818158508197, "smape": 49.901169598222126, "wape": 38.680244961379415, "cvrmse": 8.258915575372014e+16}