{"mse": 0.03127584245617583, "mae": 0.12817927149928232, "r2": 0.9687241575438241, "rmse": 0.17684977369557425, "mape": 39.07118540888128, "smape": 23.10339609204678, "wape": 14.401220490363828, "cvrmse": 6.2482746925371976e+16}