{"mse": 0.059886710152408505, "mae": 0.13827453880153592, "r2": 0.9401132898475915, "rmse": 0.24471761308170792, "mape": 50.04136242811853, "smape": 26.883829659326864, "wape": 16.656430893841094, "cvrmse": -1.0736143715097124e+16}