{"mse": 0.005076859260897878, "mae": 0.0547448822102421, "r2": 0.9949231407391022, "rmse": 0.0712520825021829, "mape": 170.62300949078448, "smape": 19.985650171716717, "wape": 7.187836143001339, "cvrmse": 2130915815431815.2}