{"mse": 0.23080812853091232, "mae": 0.3165887802604804, "r2": 0.7691918714690876, "rmse": 0.4804249457833266, "mape": 142.24522438982032, "smape": 51.70616074810218, "wape": 37.15429515350284, "cvrmse": -6.68838785059474e+16}