{"mse": 0.0921910801900937, "mae": 0.19336982751881632, "r2": 0.9078089198099063, "rmse": 0.3036298407437808, "mape": 197.28750588100655, "smape": 42.751925431150866, "wape": 23.053037955241003, "cvrmse": 9082305757254610.0}