{"mse": 0.10029262738875519, "mae": 0.19217260644211165, "r2": 0.8997073726112448, "rmse": 0.31669011255287904, "mape": 105.02650165908472, "smape": 39.39324262083467, "wape": 22.83568151047185, "cvrmse": 4.168106886997262e+17}