{"mse": 1.8364636458384176, "mae": 0.048305503002458366, "r2": -0.8364636458384176, "rmse": 1.3551618522665172, "mape": 16.957097893335632, "smape": 7.385448790473354, "wape": 21.016577692730216, "cvrmse": 1.623023311162056e+17}