{"mse": 0.1634633280426461, "mae": 0.23213348139974593, "r2": 0.8365366719573539, "rmse": 0.40430598318927474, "mape": 181.10614829038587, "smape": 42.18336129144347, "wape": 27.922707816437313, "cvrmse": 5.565430110926836e+16}