{"mse": 0.5870933986207384, "mae": 0.2455112875653005, "r2": 0.4129066013792616, "rmse": 0.766220202435787, "mape": 157.3467630139347, "smape": 34.58181531034393, "wape": 28.817316761046197, "cvrmse": 5.882673375056938e+17}