{"mse": 0.028815585051252066, "mae": 0.13216002589523634, "r2": 0.971184414948748, "rmse": 0.16975153917196764, "mape": 45.17974117197229, "smape": 19.61017188749386, "wape": 14.417330667224878, "cvrmse": 4647963667670765.0}