{"mse": 0.061683832344901345, "mae": 0.15729499094851657, "r2": 0.9383161676550986, "rmse": 0.24836230057096295, "mape": 157.29552641992635, "smape": 37.75423762801153, "wape": 18.752291621879806, "cvrmse": 7429119439759348.0}