{"mse": 0.04385680720576572, "mae": 0.12366895983196345, "r2": 0.9561431927942343, "rmse": 0.20942016905199395, "mape": 31.221504591423738, "smape": 21.09403395185462, "wape": 14.244815974220352, "cvrmse": 5742243589122668.0}