{"mse": 7.814550574770851, "mae": 0.3131910245250688, "r2": -6.814550574770851, "rmse": 2.7954517657743354, "mape": 96.51065621044638, "smape": 33.45186829364763, "wape": 37.72671890130474, "cvrmse": -1.226408329504038e+17}