{"mse": 0.027477235928091585, "mae": 0.1296188025210625, "r2": 0.9725227640719084, "rmse": 0.16576258904858956, "mape": 42.170183151820844, "smape": 19.6469434398181, "wape": 14.140108735429951, "cvrmse": 4538742300158865.0}