{"mse": 0.4768553008283649, "mae": 0.432006012468589, "r2": 0.523144699171635, "rmse": 0.6905471025414305, "mape": 172.86404332341817, "smape": 60.93338946534348, "wape": 50.699455875029976, "cvrmse": -9.61366992167915e+16}