{"mse": 0.027902604612571137, "mae": 0.09121569447949542, "r2": 0.9720973953874289, "rmse": 0.16704072740673495, "mape": 26.003702496359587, "smape": 12.546672824675099, "wape": 9.73954265139737, "cvrmse": -1.67277268541922e+16}