{"mse": 0.05792357179986019, "mae": 0.18421533754071995, "r2": 0.9420764282001398, "rmse": 0.24067316385476006, "mape": 57.92891626931988, "smape": 26.43016231110823, "wape": 20.096042031683158, "cvrmse": 6589867325132491.0}