{"mse": 0.025614957837851667, "mae": 0.12595091029290376, "r2": 0.9743850421621484, "rmse": 0.16004673641737174, "mape": 39.43417755604839, "smape": 19.341183669453972, "wape": 13.739978554258316, "cvrmse": 4382236647902322.5}