{"mse": 0.10229861717173024, "mae": 0.19612481403682494, "r2": 0.8977013828282697, "rmse": 0.31984155010212517, "mape": 96.01166034130235, "smape": 40.56172175217809, "wape": 23.30531844555358, "cvrmse": 4.2095844324977114e+17}