{"mse": 0.6580089122273397, "mae": 0.5485120468259268, "r2": 0.3419910877726604, "rmse": 0.8111774850347732, "mape": 266.89217238885163, "smape": 87.19949064317575, "wape": 65.31688837456888, "cvrmse": 1.4946801491759254e+19}