{"mse": 0.034910308182717384, "mae": 0.09366433839593664, "r2": 0.9650896918172827, "rmse": 0.1868430041042944, "mape": 28.525438329239183, "smape": 19.78891715786262, "wape": 12.102621115824903, "cvrmse": 1.531789406996065e+16}