{"mse": 0.031544193424435936, "mae": 0.10777451032349343, "r2": 0.9684558065755641, "rmse": 0.17760685072495355, "mape": 40.235140363253976, "smape": 33.98676582782798, "wape": 14.728582302257964, "cvrmse": 8.226789438965764e+17}