{"mse": 0.0325755271699835, "mae": 0.11291520335814946, "r2": 0.9674244728300165, "rmse": 0.18048691689422672, "mape": 42.55368685104434, "smape": 36.279555395518926, "wape": 15.431115027522138, "cvrmse": 8.36019475440369e+17}