{"mse": 0.23056760158214115, "mae": 0.2863848133294572, "r2": 0.7694323984178588, "rmse": 0.4801745532430276, "mape": 312.8799607194428, "smape": 48.98322294775957, "wape": 34.448453611449295, "cvrmse": 6.609790673981989e+16}