{"mse": 0.2987136550337861, "mae": 0.2876704134516511, "r2": 0.7012863449662139, "rmse": 0.5465470291144086, "mape": 113.58076797197955, "smape": 47.545751566248114, "wape": 34.18616584244944, "cvrmse": -4.577593627666532e+17}