{"mse": 0.04969594957955732, "mae": 0.1703983030440325, "r2": 0.9503040504204427, "rmse": 0.2229258836016072, "mape": 57.5696145745419, "smape": 25.22426824810425, "wape": 18.588742424030947, "cvrmse": 6103929381836084.0}