{"mse": 0.020121180808270012, "mae": 0.10592817784389956, "r2": 0.97987881919173, "rmse": 0.1418491480703004, "mape": 29.01247626011816, "smape": 19.372148188785943, "wape": 11.901261627009726, "cvrmse": 5.011668511215064e+16}