{"mse": 0.059145977905631995, "mae": 0.14995103871318022, "r2": 0.940854022094368, "rmse": 0.2431994611540741, "mape": 120.53741147334098, "smape": 35.52788881198625, "wape": 17.876765115004208, "cvrmse": 7274686377301039.0}