{"mse": 0.004732567717334541, "mae": 0.052756629014982015, "r2": 0.9952674322826655, "rmse": 0.06879366044436465, "mape": 84.48671553224332, "smape": 19.39978763938902, "wape": 6.926784559705491, "cvrmse": 2057392484463196.0}