{"mse": 0.2756460702657658, "mae": 0.33998530307692165, "r2": 0.7243539297342341, "rmse": 0.5250200665362856, "mape": 146.62889395687498, "smape": 53.31770141020496, "wape": 39.90006938331763, "cvrmse": -7.309232930472038e+16}