{"mse": 0.1865278888085853, "mae": 0.2579248154602506, "r2": 0.8134721111914147, "rmse": 0.431888745869333, "mape": 97.56992286237474, "smape": 48.88106926333432, "wape": 30.713721745832316, "cvrmse": 7.958006071577609e+18}