{"mse": 0.25825223756407484, "mae": 0.28944836536029744, "r2": 0.7417477624359252, "rmse": 0.5081852394197167, "mape": 120.92739493191506, "smape": 50.030559065302974, "wape": 34.39745402492045, "cvrmse": -4.256295231192135e+17}