{"mse": 0.003484439301176616, "mae": 0.04544528833396303, "r2": 0.9965155606988234, "rmse": 0.05902913942432683, "mape": 77.7674698900021, "smape": 17.300373365792485, "wape": 5.966827817100749, "cvrmse": 1765367724750698.8}