{"mse": 0.04097284404652617, "mae": 0.11674315122077086, "r2": 0.9590271559534739, "rmse": 0.20241749935844522, "mape": 40.84695003488107, "smape": 23.070249284662655, "wape": 14.06277863944979, "cvrmse": -8880371691257266.0}