{"mse": 0.04009014343685549, "mae": 0.15461799153686018, "r2": 0.9599098565631445, "rmse": 0.20022523176876458, "mape": 52.17259460935855, "smape": 22.549125499509334, "wape": 16.867269024721345, "cvrmse": 5482363265462865.0}