{"mse": 3.9611639884388916, "mae": 0.2545445666176773, "r2": -2.9611639884388916, "rmse": 1.9902673158244075, "mape": 68.3932335148125, "smape": 18.130843233737302, "wape": 27.17895946965158, "cvrmse": -1.9930856709496486e+17}