{"mse": 0.04293352380219149, "mae": 0.11920686266693808, "r2": 0.9570664761978085, "rmse": 0.20720406318938703, "mape": 43.029114762689176, "smape": 14.498959226682338, "wape": 12.728295606463872, "cvrmse": -2.0749747836473436e+16}