{"mse": 0.057226867329221456, "mae": 0.13865875946983672, "r2": 0.9427731326707786, "rmse": 0.23922137724129391, "mape": 55.99165680736755, "smape": 26.81622498166042, "wape": 16.702713781963567, "cvrmse": -1.0495015268592334e+16}