{"mse": 0.5107099248385071, "mae": 0.16295649450685884, "r2": 0.4892900751614929, "rmse": 0.7146397168073624, "mape": 41.73604533996056, "smape": 23.168094294403073, "wape": 18.770152827421892, "cvrmse": 1.9595225001230336e+16}