{"mse": 0.5794354304016377, "mae": 0.34335773096238215, "r2": 0.4205645695983623, "rmse": 0.7612065622428893, "mape": 133.62409981504035, "smape": 46.90905813603111, "wape": 40.803933199546634, "cvrmse": -6.375470221303845e+17}