{"mse": 0.17754435899252138, "mae": 0.2540153052189878, "r2": 0.8224556410074786, "rmse": 0.4213601298088387, "mape": 212.65338875292122, "smape": 47.801800637216715, "wape": 30.55481314355847, "cvrmse": 5.8001871144318984e+16}