{"mse": 0.5567746195788175, "mae": 0.4470859217869444, "r2": 0.4432253804211824, "rmse": 0.7461733173859928, "mape": 239.3693232836893, "smape": 60.40820775124914, "wape": 52.469207163250765, "cvrmse": -1.0388087867305019e+17}