{"mse": 0.129185094252266, "mae": 0.2117418643533646, "r2": 0.870814905747734, "rmse": 0.3594232800644193, "mape": 165.92179855993353, "smape": 41.580009422641574, "wape": 25.469855426263276, "cvrmse": 4.947602134550041e+16}