{"mse": 0.006445725614484964, "mae": 0.06198628051835731, "r2": 0.993554274385515, "rmse": 0.08028527644895397, "mape": 28.897462371916895, "smape": 12.406729424857726, "wape": 7.00841827726265, "cvrmse": -1086456553782591.2}