{"mse": 0.03241526298372364, "mae": 0.11229698297738831, "r2": 0.9675847370162763, "rmse": 0.180042392185073, "mape": 43.53431809328651, "smape": 35.58469259274126, "wape": 15.346628355008917, "cvrmse": 8.339604269477586e+17}