{"mse": 0.32985846899290033, "mae": 0.15746199505534697, "r2": 0.6701415310070997, "rmse": 0.5743330645130057, "mape": 59.83409978623461, "smape": 25.211244242636518, "wape": 18.967735215592725, "cvrmse": -2.5196888132792436e+16}