{"mse": 10.118452746678601, "mae": 0.39142339162627465, "r2": -9.118452746678601, "rmse": 3.180951547364185, "mape": 255.75823175580217, "smape": 44.0264845492292, "wape": 46.66445856374164, "cvrmse": 9.514998420907171e+16}