{"mse": 0.2624157121482954, "mae": 0.3338395757546496, "r2": 0.7375842878517045, "rmse": 0.5122652751732206, "mape": 141.939598637303, "smape": 54.200491747884534, "wape": 39.178817775232304, "cvrmse": -7.13166306791942e+16}