{"mse": 0.2574143748591444, "mae": 0.27447882042563665, "r2": 0.7425856251408556, "rmse": 0.5073602022815196, "mape": 114.35978115414491, "smape": 47.05395741129564, "wape": 32.61850380344303, "cvrmse": -4.2493851492683174e+17}