{"mse": 0.26744892550343946, "mae": 0.25346428687159167, "r2": 0.7325510744965605, "rmse": 0.5171546437028671, "mape": 154.10435550298152, "smape": 43.402314780979964, "wape": 30.11891151625751, "cvrmse": 6.806514465148051e+17}