{"mse": 0.003587166522179578, "mae": 0.04584550305486547, "r2": 0.9964128334778204, "rmse": 0.05989295886980019, "mape": 281.5314715881233, "smape": 17.40424212055309, "wape": 6.019374789890208, "cvrmse": 1791201727819736.8}