{"mse": 0.22756406718743835, "mae": 0.23882129261801982, "r2": 0.7724359328125616, "rmse": 0.47703675664191575, "mape": 131.6357687781623, "smape": 43.06383374972724, "wape": 28.378898934209495, "cvrmse": 6.278504165102422e+17}