{"mse": 0.03385824569305007, "mae": 0.09583815400889202, "r2": 0.9661417543069499, "rmse": 0.18400610232557527, "mape": 29.865029090702784, "smape": 21.266691934224998, "wape": 12.3835056786139, "cvrmse": 1.5085317200724238e+16}