{"mse": 0.1964984817537025, "mae": 0.2919735877702627, "r2": 0.8035015182462975, "rmse": 0.4432814926812335, "mape": 125.0363936341525, "smape": 48.94191305667253, "wape": 34.265500022199205, "cvrmse": -6.171283519028206e+16}