{"mse": 0.04802878266509235, "mae": 0.13873545512035132, "r2": 0.9519712173349076, "rmse": 0.21915470030344397, "mape": 52.55131321934029, "smape": 40.56159862747762, "wape": 18.959738836650335, "cvrmse": 1.0151295215228818e+18}