{"mse": 0.01629170400786999, "mae": 0.09899868558408184, "r2": 0.98370829599213, "rmse": 0.12763895960038998, "mape": 27.917146339148502, "smape": 18.46329356592854, "wape": 11.122718070374962, "cvrmse": 4.509608716976565e+16}