{"mse": 0.042499590072266814, "mae": 0.11817413433360095, "r2": 0.9575004099277332, "rmse": 0.20615428705769573, "mape": 42.62371688995401, "smape": 14.37078946990855, "wape": 12.618026187289471, "cvrmse": -2.0644621567798704e+16}