{"mse": 0.5346312990268842, "mae": 0.33405473840786376, "r2": 0.4653687009731158, "rmse": 0.7311848596811098, "mape": 130.13647218537835, "smape": 47.67296021689819, "wape": 39.698384518040356, "cvrmse": -6.124024056531564e+17}