{"mse": 0.4131675302636131, "mae": 0.39583726184020873, "r2": 0.5868324697363868, "rmse": 0.642781090468297, "mape": 181.37284266881014, "smape": 59.39017576997143, "wape": 46.454755746760675, "cvrmse": -8.948680275272667e+16}