{"mse": 0.0968447938501798, "mae": 0.19802165848151043, "r2": 0.9031552061498203, "rmse": 0.3111989618398169, "mape": 195.45457269351564, "smape": 41.318737715108995, "wape": 23.607616904399535, "cvrmse": 9308716547246418.0}