{"mse": 0.5307005282426126, "mae": 0.442264156544151, "r2": 0.4692994717573873, "rmse": 0.7284919548235331, "mape": 239.76236101665424, "smape": 60.7187987722882, "wape": 51.90333338577751, "cvrmse": -1.014193118542853e+17}