{"mse": 0.03153635903455718, "mae": 0.10758397219904212, "r2": 0.9684636409654428, "rmse": 0.17758479392830115, "mape": 40.50842396652851, "smape": 34.51123109272193, "wape": 14.702543154046802, "cvrmse": 8.225767763163188e+17}