{"mse": 0.06437057179328838, "mae": 0.19169836005335741, "r2": 0.9356294282067117, "rmse": 0.25371356249378624, "mape": 54.25757700715852, "smape": 27.31581954217248, "wape": 20.912364586284525, "cvrmse": 6946926232414234.0}