{"mse": 0.02533516205630719, "mae": 0.12438381314860633, "r2": 0.9746648379436929, "rmse": 0.1591702298054105, "mape": 43.42461004509147, "smape": 18.626757658874457, "wape": 13.569024004545154, "cvrmse": 4358237037019609.5}