{"mse": 1.1278455462412367, "mae": 0.8022335197060847, "r2": -0.12784554624123645, "rmse": 1.0620007279852668, "mape": 351.4826461086401, "smape": 114.87913242523359, "wape": 95.53007552012627, "cvrmse": 1.956848452791949e+19}