{"mse": 0.03491465250821563, "mae": 0.10602109824203704, "r2": 0.9650853474917844, "rmse": 0.1868546293464939, "mape": 37.91413013245078, "smape": 22.067911090766465, "wape": 12.771209446536316, "cvrmse": -8197604288602448.0}