{"mse": 0.05387768537437398, "mae": 0.17933560300442494, "r2": 0.946122314625626, "rmse": 0.23211567240144293, "mape": 54.838898221388035, "smape": 26.328889421468855, "wape": 19.563712033247693, "cvrmse": 6355554814297894.0}