{"mse": 0.15377024906256573, "mae": 0.2554994798243528, "r2": 0.8462297509374342, "rmse": 0.39213549834536243, "mape": 122.29591756518876, "smape": 44.577319154611146, "wape": 29.984963703230267, "cvrmse": -5.459238380396066e+16}