{"mse": 0.21393704947760994, "mae": 0.26709185804863605, "r2": 0.7860629505223901, "rmse": 0.4625332955340728, "mape": 245.73665785749444, "smape": 45.145832038211125, "wape": 32.12775626967174, "cvrmse": 6.366951856526067e+16}