{"mse": 2.0032549388485976, "mae": 0.055163422908617234, "r2": -1.0032549388485976, "rmse": 1.4153638891990277, "mape": 27.85972893163324, "smape": 7.115298051765288, "wape": 36.5825949811969, "cvrmse": 2.0002473703667784e+18}