{"mse": 0.13611503472526715, "mae": 0.20978174457237914, "r2": 0.8638849652747329, "rmse": 0.3689377111725869, "mape": 102.89923900445761, "smape": 40.10797343386507, "wape": 24.910561459381164, "cvrmse": 1.359613360443375e+17}