{"mse": 0.012998786423057062, "mae": 0.08879704782942037, "r2": 0.9870012135769429, "rmse": 0.11401222049875645, "mape": 21.977329510675002, "smape": 16.832475002479388, "wape": 9.976541836501433, "cvrmse": 4.028162756988466e+16}