{"mse": 1.3835274712886403, "mae": 0.8465837644206795, "r2": -0.38352747128864006, "rmse": 1.176234445715921, "mape": 385.5952701162887, "smape": 114.87195076184585, "wape": 100.811308630996, "cvrmse": 2.1673361369406964e+19}