{"mse": 0.4068483593410722, "mae": 0.3115808614662853, "r2": 0.5931516406589278, "rmse": 0.6378466581719091, "mape": 123.64583114964498, "smape": 46.9736077435839, "wape": 37.02763476998978, "cvrmse": -5.342271830856338e+17}