{"mse": 0.0038430811919976083, "mae": 0.04784476231823462, "r2": 0.9961569188080024, "rmse": 0.06199258981521588, "mape": 59.54710701517825, "smape": 17.86744057765454, "wape": 6.281871436376489, "cvrmse": 1853994794787558.5}