{"mse": 0.012433552469241323, "mae": 0.08704826154346228, "r2": 0.9875664475307587, "rmse": 0.11150584051627666, "mape": 24.63467226515418, "smape": 16.718140962706812, "wape": 9.780061886194115, "cvrmse": 3.939609911897648e+16}