{"mse": 0.028069075659289424, "mae": 0.08850297945526774, "r2": 0.9719309243407106, "rmse": 0.16753828117564482, "mape": 29.506628472688927, "smape": 11.51092212929979, "wape": 9.449892895066336, "cvrmse": -1.6777552688111924e+16}