{"mse": 0.03244810921574749, "mae": 0.09610092720214106, "r2": 0.9675518907842525, "rmse": 0.18013358713951014, "mape": 29.995986938688002, "smape": 22.22636864599183, "wape": 12.417459309758394, "cvrmse": 1.4767837947546806e+16}