{"mse": 0.029537421402936064, "mae": 0.09127734864768065, "r2": 0.970462578597064, "rmse": 0.17186454376320923, "mape": 23.055224514449606, "smape": 15.60920033351505, "wape": 10.513786449466883, "cvrmse": 4712478645630164.0}