{"mse": 1.999385061768345, "mae": 0.05233308016293915, "r2": -0.9993850617683451, "rmse": 1.4139961321617345, "mape": 24.33083696064138, "smape": 3.9972598481175887, "wape": 34.705603364947216, "cvrmse": 1.9983144028536008e+18}