{"mse": 0.1272162588304694, "mae": 0.10937046686730564, "r2": 0.8727837411695306, "rmse": 0.35667388302267017, "mape": 30.908833955946534, "smape": 17.661955562873036, "wape": 12.597843271716938, "cvrmse": 9779900032866082.0}