{"mse": 0.015746523880338134, "mae": 0.09479884941111034, "r2": 0.9842534761196619, "rmse": 0.1254851540236459, "mape": 24.952914272260283, "smape": 18.040097853305443, "wape": 10.65085732375879, "cvrmse": 4.433512668920653e+16}