{"mse": 0.03523283260277181, "mae": 0.10677852143996439, "r2": 0.9647671673972282, "rmse": 0.18770410917923935, "mape": 33.27311274454536, "smape": 24.9027794777562, "wape": 13.797139983342237, "cvrmse": 1.5388489789529306e+16}