{"mse": 0.0670217377933521, "mae": 0.13632771143255654, "r2": 0.9329782622066479, "rmse": 0.2588855689167554, "mape": 37.657108152632354, "smape": 22.634959146753104, "wape": 15.702914977064959, "cvrmse": 7098571284504744.0}