{"mse": 0.024721146788958648, "mae": 0.12323825106942383, "r2": 0.9752788532110414, "rmse": 0.15722959895947916, "mape": 44.14929090901714, "smape": 18.67400771222142, "wape": 13.444054694169111, "cvrmse": 4305100660711926.0}