{"mse": 0.13545632178133293, "mae": 0.2123411204941184, "r2": 0.8645436782186671, "rmse": 0.3680439128437433, "mape": 215.28251739886252, "smape": 40.084702946365375, "wape": 25.541938324536183, "cvrmse": 5.0662685190216056e+16}