{"mse": 0.14156775910862615, "mae": 0.19768055719921382, "r2": 0.8584322408913738, "rmse": 0.37625491240464376, "mape": 104.43767889882378, "smape": 40.23257185540945, "wape": 23.490185872946817, "cvrmse": 4.952067113868251e+17}