{"mse": 1.166561015866145, "mae": 0.8120792419317185, "r2": -0.1665610158661448, "rmse": 1.0800745418100295, "mape": 365.4544218143647, "smape": 113.90392927996474, "wape": 96.7025054481472, "cvrmse": 1.990151362749584e+19}