{"mse": 0.6474796082840705, "mae": 0.5427196578772812, "r2": 0.35252039171592964, "rmse": 0.8046611760760367, "mape": 270.5205834629417, "smape": 86.31177623917846, "wape": 64.6271299188155, "cvrmse": 1.4826731620168784e+19}