{"mse": 0.05696882477863453, "mae": 0.13860430386960204, "r2": 0.9430311752213655, "rmse": 0.23868142948003837, "mape": 39.26712767397297, "smape": 23.110894473771676, "wape": 15.965144402767894, "cvrmse": 6544579323370262.0}