{"mse": 1.1825142639067558, "mae": 0.8201224934599534, "r2": -0.18251426390675585, "rmse": 1.0874347170781131, "mape": 552.5142668304463, "smape": 113.11879263648561, "wape": 97.27049705520996, "cvrmse": 2.636464819299264e+17}