{"mse": 0.10645570115497589, "mae": 0.19407415664503985, "r2": 0.8935442988450241, "rmse": 0.32627549885790674, "mape": 130.87642679524606, "smape": 39.67733162140646, "wape": 23.061640847831004, "cvrmse": 4.294264645288008e+17}