{"mse": 0.030064526100728836, "mae": 0.12626002676469392, "r2": 0.9699354738992711, "rmse": 0.17339125151151322, "mape": 37.61630295629935, "smape": 22.618761903771855, "wape": 14.185589161877676, "cvrmse": 6.1260817364215416e+16}