{"mse": 0.03166490299086965, "mae": 0.10767224743782297, "r2": 0.9683350970091303, "rmse": 0.1779463486303376, "mape": 40.343192440036454, "smape": 34.521119933849384, "wape": 14.714606944601105, "cvrmse": 8.242515058620435e+17}