{"mse": 1.9571944650376603, "mae": 0.051944297475729304, "r2": -0.9571944650376603, "rmse": 1.3989976644146551, "mape": 24.48564605256874, "smape": 4.7200283097042055, "wape": 34.447775281917274, "cvrmse": 1.9771179841095816e+18}