{"mse": 0.1633198504228224, "mae": 0.26997685576214586, "r2": 0.8366801495771776, "rmse": 0.40412850731273886, "mape": 120.07959214725, "smape": 48.213258634965385, "wape": 31.684002747502205, "cvrmse": -5.626202848360331e+16}