{"mse": 0.006883660416995427, "mae": 0.06218046454763101, "r2": 0.9931163395830046, "rmse": 0.0829678276020014, "mape": 117.86716837357147, "smape": 22.96369648529625, "wape": 8.164105436333514, "cvrmse": 2481295280088251.0}