{"mse": 0.23599464343090498, "mae": 0.23727604330199958, "r2": 0.764005356569095, "rmse": 0.4857927988668677, "mape": 138.3460788951234, "smape": 41.97569825383348, "wape": 28.195278480242543, "cvrmse": 6.393746537548032e+17}