{"mse": 0.003348271880348266, "mae": 0.04529452662887833, "r2": 0.9966517281196517, "rmse": 0.057864253908162216, "mape": 115.41281624496911, "smape": 17.11546727492974, "wape": 5.9470332648241255, "cvrmse": 1730529824125316.0}