{"mse": 0.40191330264302033, "mae": 0.4059325271348142, "r2": 0.5980866973569796, "rmse": 0.6339663261112694, "mape": 160.64648145472012, "smape": 58.73891306728771, "wape": 47.63951809399256, "cvrmse": -8.825962744992738e+16}