{"mse": 0.036338340187976034, "mae": 0.1146370270254919, "r2": 0.963661659812024, "rmse": 0.19062617917792937, "mape": 34.361620090865074, "smape": 19.265728685437153, "wape": 13.20447229465414, "cvrmse": 5226917542176398.0}