{"mse": 0.038825621844775726, "mae": 0.15171444416657193, "r2": 0.9611743781552243, "rmse": 0.19704218290705097, "mape": 48.46350352921991, "smape": 22.246728018885644, "wape": 16.550521186168556, "cvrmse": 5395208265079170.0}