{"mse": 0.19474950776924255, "mae": 0.2889472014956607, "r2": 0.8052504922307574, "rmse": 0.4413043255727759, "mape": 131.6834571067418, "smape": 49.258576823379826, "wape": 33.91032872142677, "cvrmse": -6.1437577617109176e+16}