{"mse": 0.23051651615233215, "mae": 0.28825924746417253, "r2": 0.7694834838476678, "rmse": 0.4801213556511855, "mape": 113.6171619505299, "smape": 50.43938861916422, "wape": 34.325949992361444, "cvrmse": 8.846742824185987e+18}