{"mse": 3.5890015319029227, "mae": 0.29717702890085834, "r2": -2.5890015319029227, "rmse": 1.8944660281733539, "mape": 92.40748337631294, "smape": 34.501047510656804, "wape": 35.79768689179084, "cvrmse": -8.311318211103734e+16}