{"mse": 1.1256677944850622, "mae": 0.7752934934770074, "r2": -0.12566779448506216, "rmse": 1.060974926416766, "mape": 373.38036138098244, "smape": 110.31709400562195, "wape": 92.06233010257921, "cvrmse": 3.909916610223837e+17}