{"mse": 1.9713195739641747, "mae": 0.051609502526959956, "r2": -0.9713195739641747, "rmse": 1.4040368848303717, "mape": 24.04721754434042, "smape": 4.373639001129598, "wape": 34.2257501180171, "cvrmse": 1.984239606656374e+18}