{"mse": 0.3062475665195037, "mae": 0.2882669336905377, "r2": 0.6937524334804963, "rmse": 0.5533963918562387, "mape": 190.87259563725388, "smape": 49.219549978364164, "wape": 34.25447575297555, "cvrmse": 7.283509085716337e+17}