{"mse": 2.670673015309066, "mae": 0.26327621479417523, "r2": -1.6706730153090659, "rmse": 1.634219390201042, "mape": 265.01452690972883, "smape": 38.77155627544282, "wape": 31.387092031054927, "cvrmse": 4.888346988517814e+16}