{"mse": 0.24352137830081852, "mae": 0.26754781629333396, "r2": 0.7564786216991815, "rmse": 0.49347885294186467, "mape": 168.43570131843936, "smape": 45.77453709328477, "wape": 31.79244344347912, "cvrmse": 6.49490629484383e+17}