{"mse": 0.03179058341525852, "mae": 0.09832504232216856, "r2": 0.9682094165847415, "rmse": 0.17829914025384003, "mape": 31.509142124444068, "smape": 23.49234254402058, "wape": 12.704843207158964, "cvrmse": 1.4617445037700532e+16}