{"mse": 2.195412680845939, "mae": 0.21469645139138524, "r2": -1.1954126808459389, "rmse": 1.481692505496987, "mape": 67.85174687149464, "smape": 13.940493167718198, "wape": 22.924182700819205, "cvrmse": -1.483790683783741e+17}