{"mse": 0.6437978395233602, "mae": 0.539338767791288, "r2": 0.3562021604766399, "rmse": 0.8023701387286046, "mape": 264.41233808217083, "smape": 85.91938186305786, "wape": 64.22453307225328, "cvrmse": 1.4784516838479167e+19}