{"mse": 0.04593813687477256, "mae": 0.16488450449797526, "r2": 0.9540618631252274, "rmse": 0.21433183822001936, "mape": 47.15371012984828, "smape": 24.058603791709846, "wape": 17.98724241423232, "cvrmse": 5868615988586273.0}