{"mse": 0.012962086595001398, "mae": 0.08940218899537247, "r2": 0.9870379134049986, "rmse": 0.11385115983160382, "mape": 23.532920465942333, "smape": 17.20205919716031, "wape": 10.04453076526298, "cvrmse": 4.022472326802984e+16}