{"mse": 0.031978305267691375, "mae": 0.09248093849053725, "r2": 0.9680216947323086, "rmse": 0.1788247892986075, "mape": 21.038961866115287, "smape": 15.80563988851968, "wape": 10.652422012046442, "cvrmse": 4903326668937974.0}