{"mse": 0.601999779564603, "mae": 0.3439426345189852, "r2": 0.39800022043539696, "rmse": 0.7758864475969425, "mape": 224.73735084700778, "smape": 48.42553156700134, "wape": 40.873441946546194, "cvrmse": -6.498421305239793e+17}