{"mse": 0.03348016253, "mae": 0.09459211366290754, "r2": 0.96651983747, "rmse": 0.1829758523139051, "mape": 29.24080126635381, "smape": 20.81340296919409, "wape": 12.222501453732345, "cvrmse": 1.5000854522445256e+16}