{"mse": 0.03408113300193186, "mae": 0.09692741861488346, "r2": 0.9659188669980682, "rmse": 0.18461076079668773, "mape": 30.134514791328034, "smape": 21.745979152447834, "wape": 12.524252488413229, "cvrmse": 1.5134888735143772e+16}