{"mse": 0.031535349841996796, "mae": 0.10745850185128464, "r2": 0.9684646501580032, "rmse": 0.17758195246701394, "mape": 40.35116982023216, "smape": 34.575270223986365, "wape": 14.685396239271759, "cvrmse": 8.225636146034607e+17}