{"mse": 0.0945764140080428, "mae": 0.19638689291498176, "r2": 0.9054235859919572, "rmse": 0.3075327852571865, "mape": 184.4550312366903, "smape": 39.77455068811669, "wape": 23.41272448950384, "cvrmse": 9199052304094396.0}