{"mse": 0.030150759740378178, "mae": 0.09099567356151742, "r2": 0.9698492402596218, "rmse": 0.1736397412471528, "mape": 22.75262083898571, "smape": 15.42047765343715, "wape": 10.481341689097185, "cvrmse": 4761154073683471.0}