{"mse": 0.16030335106786672, "mae": 0.23362089594770782, "r2": 0.8396966489321332, "rmse": 0.4003790092747954, "mape": 123.12841365646239, "smape": 43.80911097362262, "wape": 27.741344694047832, "cvrmse": 1.4754811822325344e+17}