{"mse": 0.14767072733619058, "mae": 0.22667014786032813, "r2": 0.8523292726638094, "rmse": 0.384279491173014, "mape": 196.082213568775, "smape": 41.932033025479534, "wape": 27.265538220715772, "cvrmse": 5.289757609609052e+16}