{"mse": 0.031263431157613264, "mae": 0.10785476833166778, "r2": 0.9687365688423867, "rmse": 0.17681468026612854, "mape": 40.6297679893975, "smape": 34.538824215203086, "wape": 14.739550449320413, "cvrmse": 8.190095924397372e+17}