{"mse": 1.9772110166248629, "mae": 0.052351540191056097, "r2": -0.9772110166248629, "rmse": 1.4061333566290442, "mape": 25.14002544263886, "smape": 5.669818566564139, "wape": 34.71784545755743, "cvrmse": 1.9872024222505428e+18}