{"mse": 0.06222658564127923, "mae": 0.1509332938895414, "r2": 0.9377734143587207, "rmse": 0.2494525719275695, "mape": 132.30094205602123, "smape": 37.11771826861092, "wape": 17.993866971860253, "cvrmse": 7461732103240714.0}