{"mse": 0.582243832291375, "mae": 0.41045396383495897, "r2": 0.417756167708625, "rmse": 0.7630490366230568, "mape": 440.63027459973705, "smape": 56.01519674196341, "wape": 49.37239572315583, "cvrmse": 1.0503668659653734e+17}