{"mse": 0.6177134765030214, "mae": 0.4930057041482786, "r2": 0.38228652349697834, "rmse": 0.7859475023836016, "mape": 203.30999804849264, "smape": 65.8668699160087, "wape": 57.858271001311856, "cvrmse": -1.0941816765107283e+17}