{"mse": 0.6379772613516728, "mae": 0.39756780947251413, "r2": 0.36202273864832724, "rmse": 0.7987347878687098, "mape": 413.7423792688524, "smape": 55.55097428445458, "wape": 47.822355113027584, "cvrmse": 1.0994896993567914e+17}