{"mse": 0.0683231142642632, "mae": 0.1607999830747384, "r2": 0.9316768857357368, "rmse": 0.261386905303734, "mape": 43.13512683367108, "smape": 26.717450959924594, "wape": 18.521754938908902, "cvrmse": 7167157242091289.0}