{"mse": 0.04592666464404345, "mae": 0.13462799888684326, "r2": 0.9540733353559565, "rmse": 0.21430507377111596, "mape": 51.99173259680718, "smape": 23.12981959239104, "wape": 15.125749065883412, "cvrmse": 7.571606912154568e+16}