{"mse": 0.038215020933511167, "mae": 0.11183668798892467, "r2": 0.9617849790664889, "rmse": 0.19548662597096295, "mape": 35.39439551887092, "smape": 23.0782649041809, "wape": 13.471750338341398, "cvrmse": -8576303455946770.0}