{"mse": 14.205019846313558, "mae": 0.4220650410995641, "r2": -13.205019846313558, "rmse": 3.768954741876527, "mape": 440.73579925826436, "smape": 43.377824716554215, "wape": 50.31747474202931, "cvrmse": 1.1273858744293528e+17}