{"mse": 0.257305766907833, "mae": 0.3046364829714053, "r2": 0.7426942330921671, "rmse": 0.5072531585981827, "mape": 112.19873224606367, "smape": 55.7739083601042, "wape": 36.276153401201846, "cvrmse": 9.346674935522769e+18}