{"mse": 0.03820732393591828, "mae": 0.12585897210687877, "r2": 0.9617926760640817, "rmse": 0.19546693821697386, "mape": 42.60448129771234, "smape": 22.286905914432, "wape": 14.140529797065202, "cvrmse": 6.906037241479456e+16}