{"mse": 0.039280561599073664, "mae": 0.11380297059417548, "r2": 0.9607194384009263, "rmse": 0.1981932430711846, "mape": 38.0483791192046, "smape": 23.29929161012694, "wape": 13.708607033839979, "cvrmse": -8695046973439388.0}