{"mse": 0.1495733096444704, "mae": 0.20041024369956395, "r2": 0.8504266903555295, "rmse": 0.3867470874414834, "mape": 104.833110662831, "smape": 38.9806572000639, "wape": 23.814551830715143, "cvrmse": 5.090159543335337e+17}