{"mse": 1.535621191839992, "mae": 0.2607167001331189, "r2": -0.535621191839992, "rmse": 1.2392018366028965, "mape": 73.01327401076317, "smape": 19.08714381085313, "wape": 27.837988137544645, "cvrmse": -1.2409566314586578e+17}