{"mse": 0.03155504194910139, "mae": 0.1081358847299954, "r2": 0.9684449580508986, "rmse": 0.17763738893910083, "mape": 40.68471020605693, "smape": 34.71868383719731, "wape": 14.777968123377615, "cvrmse": 8.228203975942273e+17}