{"mse": 0.034831718527862654, "mae": 0.10432571086450942, "r2": 0.9651682814721374, "rmse": 0.18663257627719404, "mape": 34.140599563716876, "smape": 26.834104506431768, "wape": 13.480205730968256, "cvrmse": 1.5300642628407632e+16}