{"mse": 0.049040710692697095, "mae": 0.16961795670681676, "r2": 0.9509592893073029, "rmse": 0.22145137320119984, "mape": 57.01784203667478, "smape": 25.1980325733952, "wape": 18.50361448082431, "cvrmse": 6063555840587936.0}