{"mse": 0.09334212353656354, "mae": 0.1404302076263552, "r2": 0.9066578764634364, "rmse": 0.3055194323387034, "mape": 36.05058543580901, "smape": 16.945686384948743, "wape": 14.994415210300557, "cvrmse": -3.059520688248409e+16}