{"mse": 0.014137166919749235, "mae": 0.09162537111055744, "r2": 0.9858628330802508, "rmse": 0.11889981883816828, "mape": 25.33006779382364, "smape": 17.452365957684588, "wape": 10.294310120821196, "cvrmse": 4.200846365077233e+16}