{"mse": 0.03621494105533076, "mae": 0.10785078146237845, "r2": 0.9637850589446693, "rmse": 0.190302236075488, "mape": 36.44397456851759, "smape": 22.71373132611717, "wape": 12.991611498724529, "cvrmse": -8348856177869845.0}