{"mse": 0.08472629727579446, "mae": 0.15209467864080073, "r2": 0.9152737027242055, "rmse": 0.29107781996537363, "mape": 152.73696612680206, "smape": 29.10633398322144, "wape": 17.852378909037785, "cvrmse": 2.2347567137182352e+17}