{"mse": 0.8909398102099504, "mae": 0.7142127585972747, "r2": 0.10906018979004972, "rmse": 0.9438960801963056, "mape": 302.12401705906643, "smape": 108.64552630066191, "wape": 85.04855143828003, "cvrmse": 1.739228171371037e+19}