{"mse": 0.05743401619989079, "mae": 0.14491094674094354, "r2": 0.9425659838001093, "rmse": 0.23965395093736883, "mape": 137.59946209306054, "smape": 35.37821474849528, "wape": 17.275898718086253, "cvrmse": 7168631558134697.0}