{"mse": 5.620447759937979, "mae": 0.2137140907974166, "r2": -4.620447759937979, "rmse": 2.370748354410054, "mape": 57.104239225500905, "smape": 18.784785511889986, "wape": 24.616669361847297, "cvrmse": 6.500526955526604e+16}