{"mse": 0.05188775131372283, "mae": 0.17505128718873125, "r2": 0.9481122486862772, "rmse": 0.2277888305288976, "mape": 50.18278626675748, "smape": 25.73099967065984, "wape": 19.09633623349837, "cvrmse": 6237081639224213.0}