{"mse": 0.033792247649165566, "mae": 0.09798964076667714, "r2": 0.9662077523508344, "rmse": 0.1838266782846428, "mape": 30.81802358571321, "smape": 22.544336240534474, "wape": 12.661505069963017, "cvrmse": 1.5070607533290966e+16}