{"mse": 0.03233413177382709, "mae": 0.09937872196021084, "r2": 0.967665868226173, "rmse": 0.17981693961867745, "mape": 32.167265532143965, "smape": 24.702449744292203, "wape": 12.840991987528064, "cvrmse": 1.474187832864171e+16}