{"mse": 0.048543263186760076, "mae": 0.13710424607450308, "r2": 0.95145673681324, "rmse": 0.2203253575663956, "mape": 46.11553311397131, "smape": 35.897400429352146, "wape": 17.715608437826955, "cvrmse": 1.8062867830172516e+16}