{"mse": 0.343504415385888, "mae": 0.2713551646505049, "r2": 0.6564955846141121, "rmse": 0.5860924972953399, "mape": 231.02189188174864, "smape": 43.60086194168076, "wape": 32.24729491518061, "cvrmse": -4.908805899447497e+17}