{"mse": 0.029801141637501805, "mae": 0.0912500904303383, "r2": 0.9701988583624982, "rmse": 0.17263007164889263, "mape": 23.270561494227838, "smape": 15.233642376633124, "wape": 10.51064671019557, "cvrmse": 4733469210262784.0}