{"mse": 0.02833098359511678, "mae": 0.09261997065190444, "r2": 0.9716690164048832, "rmse": 0.16831810239875206, "mape": 21.44554138574218, "smape": 15.586175172028113, "wape": 10.668436439238722, "cvrmse": 4615236196245083.0}