{"mse": 0.017362237586770204, "mae": 0.09878776223097109, "r2": 0.9826377624132298, "rmse": 0.13176584377891792, "mape": 29.319743870526704, "smape": 18.66733770255903, "wape": 11.099020371993738, "cvrmse": 4.655415553100176e+16}