{"mse": 0.031971660940713686, "mae": 0.09208538941772215, "r2": 0.9680283390592863, "rmse": 0.17880621057646093, "mape": 21.33448442312755, "smape": 15.372956345435476, "wape": 10.606860670229704, "cvrmse": 4902817245473065.0}