{"mse": 0.22338177227187053, "mae": 0.2795616505762249, "r2": 0.7766182277281295, "rmse": 0.4726328091360888, "mape": 291.8095385815506, "smape": 48.11567526259528, "wape": 33.62771384227135, "cvrmse": 6.505975614381418e+16}