{"mse": 0.04180498882859045, "mae": 0.13119351640730523, "r2": 0.9581950111714095, "rmse": 0.2044626832177218, "mape": 49.88620639570435, "smape": 39.236751242569966, "wape": 17.929049254111163, "cvrmse": 9.470757665553422e+17}