{"mse": 1.2636268066026988, "mae": 0.8525378698197648, "r2": -0.26362680660269877, "rmse": 1.1241115632368073, "mape": 528.9537380667846, "smape": 115.26334066555754, "wape": 101.11511757945426, "cvrmse": 2.725387136254593e+17}