{"mse": 0.003373350956119381, "mae": 0.0450905306464411, "r2": 0.9966266490438807, "rmse": 0.05808055574905754, "mape": 154.42485495833404, "smape": 17.135287524798006, "wape": 5.920249214217196, "cvrmse": 1736998701910842.5}