{"mse": 0.3152308280835412, "mae": 0.29341321000597276, "r2": 0.6847691719164588, "rmse": 0.5614542083585634, "mape": 118.23324731401203, "smape": 46.97888245349655, "wape": 34.868628084742156, "cvrmse": -4.702448406998324e+17}