{"mse": 0.05749887778583513, "mae": 0.13921458418769245, "r2": 0.9425011222141648, "rmse": 0.23978923617592832, "mape": 55.9348351592187, "smape": 26.82501595445552, "wape": 16.769667944908495, "cvrmse": -1.0519928126540576e+16}