{"mse": 0.034504017042767246, "mae": 0.1293762871251521, "r2": 0.9654959829572327, "rmse": 0.18575256941094312, "mape": 39.40437961917392, "smape": 22.993044077661697, "wape": 14.535707804552208, "cvrmse": 6.562819133272096e+16}