{"mse": 0.04030571522013216, "mae": 0.11579785609584262, "r2": 0.9596942847798678, "rmse": 0.20076283326385927, "mape": 40.34415790140823, "smape": 23.24615034917151, "wape": 13.948909209407786, "cvrmse": -8807778906584911.0}