{"mse": 0.07201336332559398, "mae": 0.15726675465258722, "r2": 0.9279866366744061, "rmse": 0.2683530572316887, "mape": 42.33167102940779, "smape": 25.929662172774467, "wape": 18.114779827799246, "cvrmse": 7358167217062806.0}