{"mse": 1.9842597400883326, "mae": 0.05122653569770378, "r2": -0.9842597400883326, "rmse": 1.4086375474508455, "mape": 23.48250043909829, "smape": 3.970585241449649, "wape": 33.971778923569644, "cvrmse": 1.990741442247047e+18}