{"mse": 0.032258716464642685, "mae": 0.09810374480612218, "r2": 0.9677412835353573, "rmse": 0.17960711696545514, "mape": 30.55000408857461, "smape": 22.634305408368597, "wape": 12.676248759833017, "cvrmse": 1.4724676500877566e+16}