{"mse": 0.10306658247400087, "mae": 0.1702796848431309, "r2": 0.8969334175259991, "rmse": 0.3210398456173328, "mape": 242.13938854495453, "smape": 38.15399318953315, "wape": 20.300292388238265, "cvrmse": 9603081274936104.0}