{"mse": 0.062113561968227926, "mae": 0.14787587022420312, "r2": 0.9378864380317721, "rmse": 0.24922592555395984, "mape": 144.87968079284641, "smape": 35.30217644419552, "wape": 17.629369031790276, "cvrmse": 7454952559903164.0}