{"mse": 2.411601676865759, "mae": 0.22470591450210659, "r2": -1.411601676865759, "rmse": 1.5529332493271433, "mape": 58.73083238670296, "smape": 24.4249784270128, "wape": 25.88276318286052, "cvrmse": 4.25810037096774e+16}