{"mse": 13.320653342261581, "mae": 0.3164620186579205, "r2": -12.320653342261581, "rmse": 3.649747024419854, "mape": 87.51243112869392, "smape": 25.799489586823274, "wape": 36.45169511199562, "cvrmse": 1.000750622433656e+17}