{"mse": 0.06698494286898352, "mae": 0.15442467668527424, "r2": 0.9330150571310165, "rmse": 0.25881449509056387, "mape": 174.53433971737218, "smape": 36.38332230848522, "wape": 18.410100368450898, "cvrmse": 7741769956022088.0}