{"mse": 0.03325677682763829, "mae": 0.09414270157549127, "r2": 0.9667432231723617, "rmse": 0.1823644066906651, "mape": 28.952640883977587, "smape": 20.6367262820252, "wape": 12.16443170902461, "cvrmse": 1.4950726558964734e+16}