{"mse": 0.03609686503014524, "mae": 0.10821371493465501, "r2": 0.9639031349698548, "rmse": 0.1899917499002134, "mape": 34.427826477010775, "smape": 25.77271260486349, "wape": 13.98258519537921, "cvrmse": 1.557603675390186e+16}