{"mse": 0.522433100870637, "mae": 0.4020114950971456, "r2": 0.477566899129363, "rmse": 0.7227953381633262, "mape": 505.36314188454566, "smape": 56.602668819358044, "wape": 48.35687402247786, "cvrmse": 9.949560744364547e+16}