{"mse": 0.1350776116412347, "mae": 0.21818374453888806, "r2": 0.8649223883587653, "rmse": 0.36752906230832233, "mape": 171.41451304486205, "smape": 41.66779594853888, "wape": 26.24473174795646, "cvrmse": 5.059181399880167e+16}