{"mse": 0.005237291311542911, "mae": 0.056701566995606495, "r2": 0.9947627086884571, "rmse": 0.07236913231166249, "mape": 30.318470430967327, "smape": 11.829765853563694, "wape": 6.410907303330681, "cvrmse": -979331722692095.2}