{"mse": 0.19332772908482038, "mae": 0.24758019861362213, "r2": 0.8066722709151797, "rmse": 0.43969049237482993, "mape": 117.06414481145286, "smape": 45.717432485942, "wape": 29.421926389848824, "cvrmse": -3.682618857707226e+17}