{"mse": 0.0322915373625169, "mae": 0.11011530954661693, "r2": 0.9677084626374831, "rmse": 0.17969846232652326, "mape": 41.257326332398954, "smape": 35.09515135922407, "wape": 15.048478480930935, "cvrmse": 8.323673360751301e+17}