{"mse": 0.0326919087610962, "mae": 0.09759474225375406, "r2": 0.9673080912389038, "rmse": 0.18080903948944643, "mape": 24.151479280646093, "smape": 16.52299721328823, "wape": 11.241455781185262, "cvrmse": 4957734264868867.0}