{"mse": 0.29289559117067115, "mae": 0.16185634345130603, "r2": 0.7071044088293288, "rmse": 0.5411982919140369, "mape": 44.05222531532761, "smape": 16.73918655996089, "wape": 17.28218777962142, "cvrmse": -5.419646658416296e+16}