{"mse": 0.6550759131868998, "mae": 0.49421174285796526, "r2": 0.34492408681310005, "rmse": 0.8093676007766186, "mape": 231.29110569140465, "smape": 63.46091656613241, "wape": 57.99980955536099, "cvrmse": -1.1267867073124043e+17}