{"mse": 0.027140162114912263, "mae": 0.09196454039788012, "r2": 0.9728598378850878, "rmse": 0.16474271490694894, "mape": 29.69195075338238, "smape": 11.930057148214111, "wape": 9.81950056656812, "cvrmse": -1.6497600189870756e+16}