{"mse": 0.3412895301508221, "mae": 0.3210159640187204, "r2": 0.6587104698491779, "rmse": 0.5841999059832362, "mape": 393.7629548570963, "smape": 49.62247557445297, "wape": 38.61414094018967, "cvrmse": 8.041740371765984e+16}