{"mse": 0.11618141109157668, "mae": 0.20546550439615846, "r2": 0.8838185889084234, "rmse": 0.3408539439284467, "mape": 115.91968001878128, "smape": 40.0370368803176, "wape": 24.415263479253937, "cvrmse": 4.486138388394158e+17}