{"mse": 0.058234403848359824, "mae": 0.12065059910622801, "r2": 0.9417655961516401, "rmse": 0.24131805537166054, "mape": 35.297110983441506, "smape": 14.744337857644616, "wape": 12.882450357004105, "cvrmse": -2.41659778301421e+16}