{"mse": 0.3397934216357511, "mae": 0.31333329278309946, "r2": 0.6602065783642489, "rmse": 0.5829180230836504, "mape": 133.71012975629895, "smape": 51.087575732512924, "wape": 37.235890137322436, "cvrmse": -4.882218154663361e+17}