{"mse": 0.5039824209348402, "mae": 0.4223386005808632, "r2": 0.49601757906515964, "rmse": 0.7099171930125655, "mape": 211.62455421201946, "smape": 58.816037911529925, "wape": 49.56490564128031, "cvrmse": -9.88333676331416e+16}