{"mse": 0.36424253692237485, "mae": 0.3895111087414962, "r2": 0.635757463077625, "rmse": 0.6035250922060945, "mape": 158.88378309178145, "smape": 57.83429004549539, "wape": 45.712329691034924, "cvrmse": -8.402165478020032e+16}