{"mse": 0.2229890636211388, "mae": 0.26157236590671823, "r2": 0.7770109363788612, "rmse": 0.4722171784477337, "mape": 114.47788279341479, "smape": 48.1583916115167, "wape": 31.060445751736587, "cvrmse": 1.7402200030131184e+17}