{"mse": 0.28473704531092053, "mae": 0.242798564652032, "r2": 0.7152629546890794, "rmse": 0.533607576137109, "mape": 128.48356369051857, "smape": 42.441765768712, "wape": 28.83114819806068, "cvrmse": 1.9664565800117792e+17}