{"mse": 0.06266448536549914, "mae": 0.15683862826359324, "r2": 0.9373355146345008, "rmse": 0.2503287545718612, "mape": 136.08189030814478, "smape": 37.6530262005711, "wape": 18.697885273009945, "cvrmse": 7487940853524162.0}