{"mse": 0.02352874447838489, "mae": 0.12123630159459939, "r2": 0.9764712555216151, "rmse": 0.1533908226667583, "mape": 40.52616521396552, "smape": 18.512165412420323, "wape": 13.225662125295823, "cvrmse": 4199991200002959.5}