{"mse": 0.0038967343795069213, "mae": 0.04710462510708538, "r2": 0.9961032656204931, "rmse": 0.06242382861942162, "mape": 158.03872232702443, "smape": 17.592157292628222, "wape": 6.184693676880216, "cvrmse": 1866891731351928.5}