{"mse": 0.015315658887064019, "mae": 0.09315716236921154, "r2": 0.984684341112936, "rmse": 0.12375644988065883, "mape": 22.428272102894987, "smape": 17.684631060091075, "wape": 10.466410206919853, "cvrmse": 4.3724358684147976e+16}