{"mse": 0.039970343764174084, "mae": 0.15652402707813154, "r2": 0.9600296562358259, "rmse": 0.19992584566327107, "mape": 45.38292305686936, "smape": 23.01586072680536, "wape": 17.075198347342514, "cvrmse": 5474165780198655.0}