{"mse": 0.03349393947722909, "mae": 0.10177549626948663, "r2": 0.9665060605227709, "rmse": 0.1830134953418165, "mape": 32.59823101754398, "smape": 25.025821344975334, "wape": 13.150685643214702, "cvrmse": 1.5003940599533256e+16}