{"mse": 0.003549601605132101, "mae": 0.045758343766495735, "r2": 0.9964503983948679, "rmse": 0.05957853308979755, "mape": 265.738691743351, "smape": 17.462282617633544, "wape": 6.007931041034629, "cvrmse": 1781798285227492.5}