{"mse": 0.2818876573009715, "mae": 0.17285674841979923, "r2": 0.7181123426990286, "rmse": 0.5309309345865727, "mape": 195.12391827191934, "smape": 36.38433128110093, "wape": 20.60752307261286, "cvrmse": 1.5881433366654262e+16}