{"mse": 0.3689864258688764, "mae": 0.29809624635487286, "r2": 0.6310135741311236, "rmse": 0.6074425288608597, "mape": 131.12142539957154, "smape": 49.325248255816646, "wape": 35.42515058335019, "cvrmse": -5.087622658552677e+17}