{"mse": 0.042300127351969315, "mae": 0.1340492820851353, "r2": 0.9576998726480307, "rmse": 0.20566994761503032, "mape": 35.29607383806458, "smape": 23.765491196949654, "wape": 15.060728972030555, "cvrmse": 7.26651949756272e+16}