{"mse": 0.3765849490283419, "mae": 0.30616643018351636, "r2": 0.6234150509716581, "rmse": 0.6136651766463059, "mape": 127.359304474707, "smape": 46.506152326338444, "wape": 36.38419478756561, "cvrmse": -5.139740319673307e+17}