{"mse": 0.14732773699828614, "mae": 0.21602214778460457, "r2": 0.8526722630017138, "rmse": 0.38383295454961414, "mape": 104.40449315015705, "smape": 42.49394989261053, "wape": 25.65157897768971, "cvrmse": 1.4145054771589477e+17}