{"mse": 0.027194015881605263, "mae": 0.12875017400847114, "r2": 0.9728059841183947, "rmse": 0.1649060820030761, "mape": 40.43864269089772, "smape": 19.378086272943303, "wape": 14.045350094092088, "cvrmse": 4515290297024934.0}