{"mse": 0.0563279264957122, "mae": 0.18138471439874343, "r2": 0.9436720735042878, "rmse": 0.23733505113175382, "mape": 61.26263171095753, "smape": 27.184783909717485, "wape": 19.787249493578447, "cvrmse": 6498466524109976.0}