{"mse": 0.17034623558591533, "mae": 0.18578135940638577, "r2": 0.8296537644140847, "rmse": 0.41273022131401443, "mape": 168.36230687030906, "smape": 38.89243097327679, "wape": 22.148360914036243, "cvrmse": 1.2345763038477054e+16}