{"mse": 0.44295528303498977, "mae": 0.15471436224019766, "r2": 0.5570447169650102, "rmse": 0.6655488584882329, "mape": 39.59269945647942, "smape": 22.701475758361298, "wape": 17.82078236669108, "cvrmse": 1.8249167132288576e+16}