{"mse": 1.831331284214723, "mae": 0.048267347672624424, "r2": -0.8313312842147229, "rmse": 1.3532668931939194, "mape": 16.69428617995768, "smape": 7.232807234486673, "wape": 20.9999772144409, "cvrmse": 1.620753794245401e+17}