{"mse": 0.2904646678067081, "mae": 0.3534748005407845, "r2": 0.7095353321932918, "rmse": 0.5389477412576363, "mape": 138.1691287377234, "smape": 54.896989025198835, "wape": 41.4831727700909, "cvrmse": -7.503131459703138e+16}