{"mse": 0.046140445889235014, "mae": 0.16654790687692306, "r2": 0.953859554110765, "rmse": 0.21480327252915635, "mape": 53.162742241466255, "smape": 24.40228654693745, "wape": 18.168702897214896, "cvrmse": 5881524322444396.0}