{"mse": 0.1882655629291369, "mae": 0.25739221449048566, "r2": 0.8117344370708631, "rmse": 0.4338957973167485, "mape": 115.20560935626234, "smape": 47.8849474783621, "wape": 30.56407310989475, "cvrmse": 1.598997622653207e+17}