{"mse": 0.0035573113538571602, "mae": 0.04579370293203099, "r2": 0.9964426886461428, "rmse": 0.05964320039918348, "mape": 38.554433733839275, "smape": 17.42233058946139, "wape": 6.01257359167607, "cvrmse": 1783732272101598.0}