{"mse": 0.06570182325880118, "mae": 0.12235630297242386, "r2": 0.9342981767411989, "rmse": 0.25632366893987996, "mape": 39.21592870036478, "smape": 14.79160679960088, "wape": 13.064576641853062, "cvrmse": -2.5668664084839372e+16}