{"mse": 0.23974399373482658, "mae": 0.27972966663099924, "r2": 0.7602560062651734, "rmse": 0.48963659354140043, "mape": 173.70924179713597, "smape": 47.886004310243734, "wape": 33.240000718521614, "cvrmse": 6.444336519426447e+17}