{"mse": 0.09678386087583603, "mae": 0.18286812369394906, "r2": 0.903216139124164, "rmse": 0.31110104608605227, "mape": 78.38695305964542, "smape": 37.23279720553907, "wape": 21.7300389915381, "cvrmse": 4.0945465656961786e+17}