{"mse": 0.036837630820251065, "mae": 0.11394621272644902, "r2": 0.963162369179749, "rmse": 0.19193131797664253, "mape": 30.46173008276767, "smape": 19.349512969678177, "wape": 13.124900811433154, "cvrmse": 5262704090023016.0}