{"mse": 0.176094465497543, "mae": 0.24753270588216525, "r2": 0.823905534502457, "rmse": 0.4196361108121452, "mape": 153.79210218607594, "smape": 44.22508016143393, "wape": 29.775038825430634, "cvrmse": 5.776455318131678e+16}