{"mse": 0.07377867822148722, "mae": 0.1644187472929374, "r2": 0.9262213217785128, "rmse": 0.2716223080335767, "mape": 148.36496809802105, "smape": 37.47691268394601, "wape": 19.60156695867371, "cvrmse": 8124882738827669.0}