{"mse": 0.0535021886410758, "mae": 0.18045791990203366, "r2": 0.9464978113589242, "rmse": 0.23130540123627855, "mape": 51.217687423552604, "smape": 26.355342654703364, "wape": 19.686145527919262, "cvrmse": 6333368794925015.0}