{"mse": 0.24211130776908527, "mae": 0.14697937827173527, "r2": 0.7578886922309147, "rmse": 0.4920480746523507, "mape": 41.942262201590694, "smape": 16.808682778707016, "wape": 15.693701963484216, "cvrmse": -4.92744848498776e+16}