{"mse": 0.12499389774507759, "mae": 0.1952994855444176, "r2": 0.8750061022549224, "rmse": 0.35354476059627526, "mape": 100.51329935225067, "smape": 38.3654735020253, "wape": 23.207245473848275, "cvrmse": 4.653168170057971e+17}