{"mse": 0.015445682039236502, "mae": 0.09526410232157842, "r2": 0.9845543179607635, "rmse": 0.12428065834729272, "mape": 29.300352242315846, "smape": 17.744587075179865, "wape": 10.703129502162236, "cvrmse": 4.390956663930886e+16}