{"mse": 0.16698373922319862, "mae": 0.27242476450440944, "r2": 0.8330162607768014, "rmse": 0.408636438932211, "mape": 123.4026707265571, "smape": 47.43550405957795, "wape": 31.97128495581063, "cvrmse": -5.688961444348366e+16}