{"mse": 1.9572119121020455, "mae": 0.050581084158880796, "r2": -0.9572119121020455, "rmse": 1.3990038999595553, "mape": 24.015253000955063, "smape": 5.624282803861891, "wape": 33.54373637327564, "cvrmse": 1.9771267964244813e+18}