{"mse": 0.2945664437544796, "mae": 0.32042161200661595, "r2": 0.7054335562455204, "rmse": 0.5427397569318831, "mape": 315.56153694447045, "smape": 51.02622561305586, "wape": 38.542647946270684, "cvrmse": 7.471025191857568e+16}