{"mse": 0.03332465172427818, "mae": 0.09915292523790958, "r2": 0.9666753482757218, "rmse": 0.18255040872120276, "mape": 31.26711337960211, "smape": 23.58506172376466, "wape": 12.811816185659316, "cvrmse": 1.4965975507750544e+16}