{"mse": 0.003536953060349271, "mae": 0.045899457024579836, "r2": 0.9964630469396507, "rmse": 0.059472288171460753, "mape": 273.2255404870225, "smape": 17.505032698823626, "wape": 6.026458781633619, "cvrmse": 1778620848599079.8}