{"mse": 0.0035774963369824895, "mae": 0.0456676551557543, "r2": 0.9964225036630175, "rmse": 0.05981217549113633, "mape": 133.76891723365074, "smape": 17.470167980425785, "wape": 5.996023902910879, "cvrmse": 1788785762234259.8}