{"mse": 0.043358758628005534, "mae": 0.1250869442275572, "r2": 0.9566412413719945, "rmse": 0.20822766057372286, "mape": 32.246250376995604, "smape": 21.26053905865262, "wape": 14.408146585207898, "cvrmse": 5709545333766822.0}