{"mse": 0.031461182350969445, "mae": 0.10151817679412048, "r2": 0.9685388176490306, "rmse": 0.17737300344463203, "mape": 28.522781881283755, "smape": 17.660921594493146, "wape": 11.69337680559073, "cvrmse": 4863519099062983.0}