{"mse": 0.09710897232930436, "mae": 0.18336677694305584, "r2": 0.9028910276706956, "rmse": 0.3116231254725881, "mape": 95.9667707611894, "smape": 37.711272665586556, "wape": 21.789293465896257, "cvrmse": 4.101417897008159e+17}