{"mse": 0.01900866176166607, "mae": 0.10204628641159026, "r2": 0.980991338238334, "rmse": 0.13787190345268346, "mape": 31.740369960480486, "smape": 18.839552254504778, "wape": 11.46512266489483, "cvrmse": 4.8711485864733816e+16}