{"mse": 0.02590609418235039, "mae": 0.12616190650626835, "r2": 0.9740939058176497, "rmse": 0.1609537019839879, "mape": 39.49385159998907, "smape": 19.25302971825338, "wape": 13.762996120704777, "cvrmse": 4407070254843522.5}