{"mse": 0.05326239919240026, "mae": 0.18222197226629286, "r2": 0.9467376008075997, "rmse": 0.230786479656847, "mape": 63.75797971229964, "smape": 26.223243298744244, "wape": 19.878585912805274, "cvrmse": 6319160213021527.0}