{"mse": 0.05427901121475543, "mae": 0.0977283589820517, "r2": 0.9457209887852446, "rmse": 0.2329785638524614, "mape": 31.639225445967543, "smape": 12.83248915292415, "wape": 10.434931466434538, "cvrmse": -2.3330847748983276e+16}