{"mse": 0.04001338354738961, "mae": 0.11364352981107126, "r2": 0.9599866164526104, "rmse": 0.20003345607020245, "mape": 35.88306676377268, "smape": 23.029320128636343, "wape": 13.689400935534005, "cvrmse": -8775779990466850.0}