{"mse": 0.02622686422905403, "mae": 0.09125612805912708, "r2": 0.9737731357709459, "rmse": 0.16194710318203914, "mape": 20.972191403987008, "smape": 15.52301870545696, "wape": 10.511342154801342, "cvrmse": 4440545145358802.5}