{"mse": 0.026970942618345227, "mae": 0.12249717914138947, "r2": 0.9730290573816548, "rmse": 0.1642283246530428, "mape": 30.30773608164458, "smape": 21.98142149632639, "wape": 13.762825031133245, "cvrmse": 5.802346609126985e+16}