{"mse": 0.023735662275657963, "mae": 0.12069499146376277, "r2": 0.9762643377243421, "rmse": 0.15406382533112037, "mape": 40.056200883899265, "smape": 18.358205997338672, "wape": 13.166610629982278, "cvrmse": 4218418673164376.0}