{"mse": 0.054359986351673245, "mae": 0.14047126155860187, "r2": 0.9456400136483267, "rmse": 0.23315228146358175, "mape": 115.58543225084182, "smape": 34.16616465178614, "wape": 16.74661122617967, "cvrmse": 6974150837962753.0}