{"mse": 0.651298039558978, "mae": 0.5446023193148791, "r2": 0.3487019604410221, "rmse": 0.8070303832935771, "mape": 259.6020713886194, "smape": 86.44967432385985, "wape": 64.85131749624115, "cvrmse": 1.487038676423618e+19}