{"mse": 0.13826952066383197, "mae": 0.22029027618769562, "r2": 0.861730479336168, "rmse": 0.37184609808875496, "mape": 209.00313212066982, "smape": 41.08196852828293, "wape": 26.498120735107523, "cvrmse": 5.118607087159993e+16}