{"mse": 0.23079649450189563, "mae": 0.28581386136361253, "r2": 0.7692035054981043, "rmse": 0.4804128375698298, "mape": 337.82719778656, "smape": 49.969931892426615, "wape": 34.37977534572318, "cvrmse": 6.613070751009011e+16}