{"mse": 0.03279727516870279, "mae": 0.09928911609750092, "r2": 0.9672027248312972, "rmse": 0.1811001799245456, "mape": 31.816464866063924, "smape": 24.630559376574038, "wape": 12.829413772972694, "cvrmse": 1.4847081834471768e+16}