{"mse": 0.5969663924567633, "mae": 0.45770608540349966, "r2": 0.40303360754323647, "rmse": 0.7726360025631496, "mape": 239.14386644455408, "smape": 63.06598846383308, "wape": 53.71557064228287, "cvrmse": -1.0756496509667302e+17}