{"mse": 0.03389942581633377, "mae": 0.10479177076121202, "r2": 0.9661005741836662, "rmse": 0.18411796711981634, "mape": 33.949140163862275, "smape": 22.016842125572936, "wape": 12.623125725500362, "cvrmse": -8077542644508698.0}