{"mse": 0.04330248864900107, "mae": 0.12091582402314884, "r2": 0.9566975113509989, "rmse": 0.2080925002228602, "mape": 31.70010461406676, "smape": 20.447439419478513, "wape": 13.927695873898585, "cvrmse": 5705839274022155.0}