{"mse": 0.11743961915996887, "mae": 0.20456379024380045, "r2": 0.8825603808400312, "rmse": 0.34269464419504553, "mape": 86.07063177725898, "smape": 40.66589073005531, "wape": 24.35948367980579, "cvrmse": 6.314510589322925e+18}