{"mse": 0.013596944230837429, "mae": 0.08921215898392558, "r2": 0.9864030557691625, "rmse": 0.11660593565868518, "mape": 22.81390262680495, "smape": 16.931443604043576, "wape": 10.023180479349957, "cvrmse": 4.1198012389315064e+16}