{"mse": 0.035100057195592664, "mae": 0.10869057177487522, "r2": 0.9648999428044074, "rmse": 0.1873500925956341, "mape": 35.996393267465514, "smape": 13.592196785594407, "wape": 11.605420159840243, "cvrmse": -1.8761539318590308e+16}