{"mse": 0.0449836776837693, "mae": 0.11155283437484426, "r2": 0.9550163223162307, "rmse": 0.2120935587983975, "mape": 36.70185236085096, "smape": 13.999539244688107, "wape": 11.911037837049996, "cvrmse": -2.1239389783512764e+16}