{"mse": 0.2873971334395993, "mae": 0.3423806436196947, "r2": 0.7126028665604006, "rmse": 0.5360943325941799, "mape": 146.1328957976607, "smape": 53.35267950379882, "wape": 40.181182281399856, "cvrmse": -7.463406828405472e+16}