{"mse": 0.14987862439502744, "mae": 0.22945353040513103, "r2": 0.8501213756049726, "rmse": 0.3871416076773813, "mape": 96.5612736560685, "smape": 44.46185112690702, "wape": 27.32335728877611, "cvrmse": 7.133492812496275e+18}