{"mse": 0.10080793737554317, "mae": 0.18229079657808173, "r2": 0.8991920626244568, "rmse": 0.3175026572732001, "mape": 112.74323566532031, "smape": 38.14376379399187, "wape": 21.66143577909597, "cvrmse": 4.178801168601011e+17}