{"mse": 0.43310600952755335, "mae": 0.406724787009785, "r2": 0.5668939904724466, "rmse": 0.6581079011283434, "mape": 195.30256057608565, "smape": 57.891075523064714, "wape": 47.73249630127053, "cvrmse": -9.162057318048571e+16}