{"mse": 0.10613304855967992, "mae": 0.20724197285055204, "r2": 0.8938669514403201, "rmse": 0.32578067554672413, "mape": 128.9593972634899, "smape": 42.27139139613775, "wape": 24.626359475655235, "cvrmse": 4.287752043948607e+17}