{"mse": 0.2670532045266045, "mae": 0.3284452920480735, "r2": 0.7329467954733954, "rmse": 0.5167719076406965, "mape": 146.28596294893086, "smape": 52.05886183510928, "wape": 38.54575425096287, "cvrmse": -7.19440357735199e+16}