{"mse": 0.02445341886013643, "mae": 0.08765518963265413, "r2": 0.9755465811398636, "rmse": 0.15637588963819335, "mape": 31.010092354647796, "smape": 11.49728515857872, "wape": 9.359370258760345, "cvrmse": -1.5659732863109738e+16}