{"mse": 0.030765933301572592, "mae": 0.10771527324207794, "r2": 0.9692340666984274, "rmse": 0.17540220438059664, "mape": 40.67040453043699, "smape": 34.59668478662122, "wape": 14.720486898007417, "cvrmse": 8.124669722364868e+17}