{"mse": 0.004629627975732851, "mae": 0.0520399849784237, "r2": 0.9953703720242671, "rmse": 0.0680413695903665, "mape": 36.75896835710059, "smape": 18.92151354562062, "wape": 6.83269138241345, "cvrmse": 2034893935336014.5}