{"mse": 0.01648161498706392, "mae": 0.09828686578367023, "r2": 0.9835183850129361, "rmse": 0.12838074227493748, "mape": 28.63475025658578, "smape": 18.464980386662237, "wape": 11.042743564550188, "cvrmse": 4.535816621097019e+16}