{"mse": 0.004219784067105587, "mae": 0.04943979459181738, "r2": 0.9957802159328945, "rmse": 0.0649598650483942, "mape": 229.85214513512528, "smape": 17.874520931675175, "wape": 6.491294311400354, "cvrmse": 1942736253297562.0}