{"mse": 0.005518855499063817, "mae": 0.05586592974412453, "r2": 0.9944811445009362, "rmse": 0.07428899985235915, "mape": 177.7331316597695, "smape": 20.67205395529312, "wape": 7.33502626665741, "cvrmse": 2221740040975701.5}