{"mse": 0.03727644510848237, "mae": 0.11231068768704633, "r2": 0.9627235548915176, "rmse": 0.19307108822525026, "mape": 28.886760308981547, "smape": 19.209805467279253, "wape": 12.93651276936361, "cvrmse": 5293956277588176.0}