{"mse": 0.013073030013771771, "mae": 0.08852917721075823, "r2": 0.9869269699862282, "rmse": 0.11433735178747044, "mape": 21.65766600857848, "smape": 16.95363362962964, "wape": 9.946445988731965, "cvrmse": 4.039649961979299e+16}