{"mse": 0.03363739538368463, "mae": 0.09572812964832692, "r2": 0.9663626046163154, "rmse": 0.18340500370405555, "mape": 29.769812784820527, "smape": 21.384160727192086, "wape": 12.369289135026081, "cvrmse": 1.503603751238815e+16}