{"mse": 0.6461621676442787, "mae": 0.5353959756831862, "r2": 0.3538378323557213, "rmse": 0.8038421285577652, "mape": 308.5112793506471, "smape": 85.10206274286854, "wape": 63.620576361243565, "cvrmse": 1.0579742717861812e+18}