{"mse": 1.0555686358850227, "mae": 0.776598903889215, "r2": -0.05556863588502248, "rmse": 1.027408699537347, "mape": 344.8843680552928, "smape": 112.58467563215247, "wape": 92.47750201782213, "cvrmse": 1.893108988624476e+19}