{"mse": 0.03092768037571244, "mae": 0.10792485809452909, "r2": 0.9690723196242875, "rmse": 0.17586267476560352, "mape": 40.430882278227806, "smape": 35.352650298664294, "wape": 14.749128992871666, "cvrmse": 8.145998814597901e+17}