{"mse": 0.1293209806528275, "mae": 0.2096807727266557, "r2": 0.8706790193471725, "rmse": 0.35961226432482457, "mape": 210.21819365907325, "smape": 40.255486547098506, "wape": 25.221932296310335, "cvrmse": 4.9502035768662136e+16}