{"mse": 0.17989515879540674, "mae": 0.16514105080125413, "r2": 0.8201048412045933, "rmse": 0.4241404941707485, "mape": 160.68949680143066, "smape": 36.31473958670374, "wape": 19.687678067144393, "cvrmse": 1.2687072004040856e+16}