{"mse": 0.12592262878822819, "mae": 0.20811391612928432, "r2": 0.8740773712117718, "rmse": 0.3548557859021439, "mape": 175.5772363025198, "smape": 40.452796340687385, "wape": 25.03345935955496, "cvrmse": 4.884728789610424e+16}