{"mse": 0.41358450890051096, "mae": 0.3312213388493189, "r2": 0.586415491099489, "rmse": 0.6431053637628215, "mape": 214.58192215701368, "smape": 51.13994833925469, "wape": 39.84171784048742, "cvrmse": 8.852597054712866e+16}