{"mse": 0.05226059643515372, "mae": 0.14562675501693656, "r2": 0.9477394035648463, "rmse": 0.22860576640836014, "mape": 141.2346156481003, "smape": 36.31964340559358, "wape": 17.361235482186828, "cvrmse": 6838153533612391.0}