{"mse": 0.29415578900479966, "mae": 0.1159692280382183, "r2": 0.7058442109952003, "rmse": 0.5423613085432991, "mape": 39.358101454044906, "smape": 12.415648669390574, "wape": 12.382597634903224, "cvrmse": -5.431293293822649e+16}