{"mse": 0.032519859983582436, "mae": 0.10439167334412365, "r2": 0.9674801400164176, "rmse": 0.180332637044941, "mape": 34.8366757059967, "smape": 27.215923568593645, "wape": 13.488728920394488, "cvrmse": 1.4784156596353822e+16}