{"mse": 0.18604204303533942, "mae": 0.2534971295279527, "r2": 0.8139579569646607, "rmse": 0.43132591277981364, "mape": 101.97334163585634, "smape": 48.23461542481652, "wape": 30.186472308976597, "cvrmse": 7.947635277741192e+18}