{"mse": 1.3840718417277893, "mae": 0.8493775962911918, "r2": -0.3840718417277893, "rmse": 1.1764658268423225, "mape": 431.72292159875417, "smape": 114.5263805155283, "wape": 100.8594568500838, "cvrmse": 4.335524962184278e+17}