{"mse": 1.2977237953882974, "mae": 0.8220293102367279, "r2": -0.2977237953882974, "rmse": 1.1391768060263066, "mape": 417.43383471409726, "smape": 112.11921822117137, "wape": 97.61198094622407, "cvrmse": 4.1981070475499296e+17}