{"mse": 0.04319321100848405, "mae": 0.12323063506543724, "r2": 0.9568067889915159, "rmse": 0.20782976449123944, "mape": 31.398683926616773, "smape": 20.949716716429066, "wape": 14.194327511759012, "cvrmse": 5698635132332450.0}