{"mse": 0.3344975102857459, "mae": 0.2762068982101995, "r2": 0.6655024897142541, "rmse": 0.5783575972404494, "mape": 145.15187598128497, "smape": 46.777612233130554, "wape": 32.821393617427, "cvrmse": 7.612035199875679e+17}