{"mse": 0.10633382553157109, "mae": 0.20571586581450751, "r2": 0.8936661744684289, "rmse": 0.3260886774047377, "mape": 125.5633625088579, "smape": 41.215854935143824, "wape": 24.445013679960358, "cvrmse": 4.2918058006486355e+17}