{"mse": 0.17386559516896166, "mae": 0.24712560266610273, "r2": 0.8261344048310384, "rmse": 0.41697193570906144, "mape": 96.85594865998584, "smape": 47.067272536053466, "wape": 29.427750032557576, "cvrmse": 7.683148097251214e+18}