{"mse": 0.0313052049242532, "mae": 0.10841143728048457, "r2": 0.9686947950757467, "rmse": 0.17693276950371065, "mape": 40.686966293878896, "smape": 34.92189756234022, "wape": 14.815625435911858, "cvrmse": 8.195565844553213e+17}