{"mse": 0.03210893155805078, "mae": 0.11182629144719584, "r2": 0.9678910684419492, "rmse": 0.17918965248599256, "mape": 42.386155042037196, "smape": 35.9675378442384, "wape": 15.282303136359287, "cvrmse": 8.300105174020699e+17}