{"mse": 0.035080304932064925, "mae": 0.10815868477630432, "r2": 0.9649196950679351, "rmse": 0.18729737032875002, "mape": 35.71822439283632, "smape": 22.47387421125989, "wape": 13.028701264597853, "cvrmse": -8217028026657942.0}