{"mse": 0.037402873072604, "mae": 0.12180810544938833, "r2": 0.962597126927396, "rmse": 0.1933982240678647, "mape": 47.64526989977572, "smape": 37.43386766166151, "wape": 16.646428740974308, "cvrmse": 8.958249418769203e+17}