{"mse": 0.029413313339387195, "mae": 0.09756548303309036, "r2": 0.9705866866606128, "rmse": 0.1715031000868124, "mape": 31.895709620798634, "smape": 12.825617725022232, "wape": 10.41754041042331, "cvrmse": -1.7174596024799846e+16}