{"mse": 0.02733104655611572, "mae": 0.12080268494750207, "r2": 0.9726689534438843, "rmse": 0.1653210408753699, "mape": 43.47919734069173, "smape": 21.550944944351873, "wape": 13.572444915687273, "cvrmse": 5.840953337173153e+16}