{"mse": 0.15108644345636932, "mae": 0.22374771313596722, "r2": 0.8489135565436307, "rmse": 0.3886983965189068, "mape": 241.64195196312508, "smape": 41.96103762098857, "wape": 26.91400646222542, "cvrmse": 5.350585571330939e+16}