{"mse": 0.04485513851086634, "mae": 0.13183783636289834, "r2": 0.9551448614891337, "rmse": 0.21179031732085002, "mape": 73.08697331563756, "smape": 28.083985186243506, "wape": 15.474696618786258, "cvrmse": 1.626025073259063e+17}