{"mse": 0.035818911654319836, "mae": 0.1250562963907239, "r2": 0.9641810883456802, "rmse": 0.18925884828540998, "mape": 31.810641745231226, "smape": 22.922442637799804, "wape": 14.050347431106976, "cvrmse": 6.686699379757576e+16}