{"mse": 8.628769324593398, "mae": 0.347288733915653, "r2": -7.628769324593398, "rmse": 2.937476693455354, "mape": 101.98353855557984, "smape": 32.848015824821715, "wape": 41.834099370804694, "cvrmse": -1.2887168824319622e+17}