{"mse": 0.28388986507607034, "mae": 0.34571040037039463, "r2": 0.7161101349239296, "rmse": 0.5328131615079251, "mape": 160.42402657849627, "smape": 54.077900423116105, "wape": 40.57195660070165, "cvrmse": -7.41772696722914e+16}