{"mse": 0.05422367835204962, "mae": 0.14164981338395113, "r2": 0.9457763216479503, "rmse": 0.2328597825989916, "mape": 120.13351588632683, "smape": 34.89606374133312, "wape": 16.887115048883604, "cvrmse": 6965401486728533.0}