{"mse": 0.03206057746713565, "mae": 0.09366985502285693, "r2": 0.9679394225328644, "rmse": 0.17905467731152863, "mape": 21.378785376191853, "smape": 16.092270101053437, "wape": 10.789367428540718, "cvrmse": 4909630135191430.0}