{"mse": 0.057096480351525966, "mae": 0.14731088839039774, "r2": 0.9429035196484741, "rmse": 0.2389486981582573, "mape": 141.9932805928057, "smape": 35.497156042420386, "wape": 17.56201339608506, "cvrmse": 7147535735140639.0}