{"mse": 0.15361872549463268, "mae": 0.23237368395238905, "r2": 0.8463812745053674, "rmse": 0.39194224765216706, "mape": 106.07004173322832, "smape": 44.396034228978245, "wape": 27.671089566283193, "cvrmse": 7.221949671889323e+18}