{"mse": 0.0378660735496378, "mae": 0.11180432513577215, "r2": 0.9621339264503622, "rmse": 0.19459206959595707, "mape": 28.17477800351479, "smape": 19.534037604737968, "wape": 12.878187370905192, "cvrmse": 5335661169550839.0}