{"mse": 0.25605762975930985, "mae": 0.27622521408093914, "r2": 0.7439423702406902, "rmse": 0.5060213728285692, "mape": 269.32708473372384, "smape": 46.16972775649291, "wape": 33.22638293195112, "cvrmse": 6.965582262467396e+16}