{"mse": 0.03285371262222396, "mae": 0.1280800066463653, "r2": 0.9671462873777761, "rmse": 0.181255931274604, "mape": 36.658791333410704, "smape": 22.392361832533666, "wape": 14.390067867813547, "cvrmse": 6.403948529812067e+16}