{"mse": 0.6087211296844258, "mae": 0.3539017019479004, "r2": 0.3912788703155742, "rmse": 0.7802058252053914, "mape": 131.9060123253926, "smape": 49.070614384958255, "wape": 42.05695722945607, "cvrmse": -6.53459816535e+17}