{"mse": 0.042947605379764615, "mae": 0.12136593411335311, "r2": 0.9570523946202354, "rmse": 0.20723804037812318, "mape": 39.401163492178796, "smape": 28.66166997792327, "wape": 15.682018814172318, "cvrmse": 1.698993422309975e+16}