{"mse": 0.030712451487110225, "mae": 0.10839249927904121, "r2": 0.9692875485128898, "rmse": 0.17524968327249618, "mape": 41.28011165671149, "smape": 34.9799988993987, "wape": 14.813037347948743, "cvrmse": 8.117604910190008e+17}