{"mse": 1.9648264076030617, "mae": 0.051179230081475416, "r2": -0.9648264076030617, "rmse": 1.4017226571626291, "mape": 23.565211484217926, "smape": 4.23131123705993, "wape": 33.940407371414786, "cvrmse": 1.980969049987409e+18}