{"mse": 0.05558632481911065, "mae": 0.13741254394797378, "r2": 0.9444136751808894, "rmse": 0.2357675228251564, "mape": 37.509858311625784, "smape": 23.000925548755255, "wape": 15.827871470318936, "cvrmse": 6464680802210423.0}