{"mse": 0.044584568440113846, "mae": 0.12442006959612864, "r2": 0.9554154315598862, "rmse": 0.2111505823816592, "mape": 40.51479224842081, "smape": 29.85242523174885, "wape": 16.076651875350624, "cvrmse": 1.7310694982871004e+16}