{"mse": 0.006741886359339563, "mae": 0.06227122974145139, "r2": 0.9932581136406604, "rmse": 0.08210899073389931, "mape": 64.56082346930646, "smape": 22.260508761771845, "wape": 8.176022629582066, "cvrmse": 2455610289546976.5}