{"mse": 0.04422986070303768, "mae": 0.12481408538033308, "r2": 0.9557701392969623, "rmse": 0.21030896486606956, "mape": 31.594651562973386, "smape": 21.324431271687935, "wape": 14.37671732380773, "cvrmse": 5766614126538038.0}