{"mse": 0.03156311667321637, "mae": 0.1079678938366865, "r2": 0.9684368833267836, "rmse": 0.1776601155949651, "mape": 40.596045549601925, "smape": 34.67401202808886, "wape": 14.755010304402576, "cvrmse": 8.229256679774834e+17}