{"mse": 0.3122225217921154, "mae": 0.14569638825943193, "r2": 0.6877774782078846, "rmse": 0.5587687552038996, "mape": 47.8594575919552, "smape": 24.95214651254656, "wape": 17.550460435876815, "cvrmse": -2.4514057585924548e+16}