{"mse": 0.03238367484094952, "mae": 0.10909758804581922, "r2": 0.9676163251590505, "rmse": 0.17995464662227958, "mape": 40.40645185390839, "smape": 34.75993062099201, "wape": 14.909395548980847, "cvrmse": 8.335539875191226e+17}