{"mse": 0.16663649140373227, "mae": 0.27050496932681783, "r2": 0.8333635085962676, "rmse": 0.40821133179240904, "mape": 125.63776185996673, "smape": 46.979548949211974, "wape": 31.74598121445939, "cvrmse": -5.683043180831853e+16}