{"mse": 0.03903457136789992, "mae": 0.1521085855167166, "r2": 0.9609654286321001, "rmse": 0.19757168665550215, "mape": 46.76601624663876, "smape": 22.185897053625663, "wape": 16.593518046498826, "cvrmse": 5409706597151455.0}