{"mse": 0.020324945449503362, "mae": 0.10908370656572866, "r2": 0.9796750545504966, "rmse": 0.14256558297675972, "mape": 31.007014996526067, "smape": 20.11849669746578, "wape": 12.255792155660696, "cvrmse": 5.036980854009382e+16}