{"mse": 4.4702672035933, "mae": 0.28106200065780207, "r2": -3.4702672035933, "rmse": 2.114300641723712, "mape": 296.8966922391404, "smape": 41.95446242918972, "wape": 33.50746624785501, "cvrmse": 6.324386576712886e+16}