{"mse": 0.8111488761637244, "mae": 0.5462520265216263, "r2": 0.18885112383627534, "rmse": 0.9006380383726441, "mape": 278.2526680194478, "smape": 67.42729258021083, "wape": 64.10716452075435, "cvrmse": -1.2538517340754062e+17}