{"mse": 0.038625685246998546, "mae": 0.12374872925103512, "r2": 0.9613743147530014, "rmse": 0.1965341834058354, "mape": 47.00879368738127, "smape": 39.021422339448556, "wape": 16.911636509439063, "cvrmse": 9.103507763575936e+17}