{"mse": 0.03292275456738432, "mae": 0.10077658889285612, "r2": 0.9670772454326156, "rmse": 0.18144628562575846, "mape": 32.01480406014122, "smape": 23.672865205486318, "wape": 13.021614134076852, "cvrmse": 1.4875456514560024e+16}