{"mse": 0.6476269463770233, "mae": 0.5442520949847298, "r2": 0.35237305362297666, "rmse": 0.8047527237462594, "mape": 241.4917455136187, "smape": 86.0771642159837, "wape": 64.67781012306159, "cvrmse": -6.740190219380052e+17}