{"mse": 0.06479220025181012, "mae": 0.13058789035981525, "r2": 0.9352077997481899, "rmse": 0.25454312061379725, "mape": 28.182346859106623, "smape": 16.440673123391974, "wape": 13.94350320055207, "cvrmse": -2.5490357114366976e+16}