{"mse": 0.09525895103331522, "mae": 0.1759429386776037, "r2": 0.9047410489666847, "rmse": 0.30864048832470964, "mape": 160.3916108019984, "smape": 38.651618294716386, "wape": 20.975450489538016, "cvrmse": 9232186392373892.0}