{"mse": 0.18918379779923164, "mae": 0.25833896017295255, "r2": 0.8108162022007684, "rmse": 0.43495263857026045, "mape": 98.30573590740558, "smape": 48.36653742341211, "wape": 30.7630381539714, "cvrmse": 8.014461529030116e+18}