{"mse": 0.0035488150321424856, "mae": 0.04622977855087632, "r2": 0.9964511849678576, "rmse": 0.05957193157975059, "mape": 274.864576952873, "smape": 17.46675158250847, "wape": 6.069828991042546, "cvrmse": 1781600855739528.5}