{"mse": 0.0037059730542126196, "mae": 0.04701372019996959, "r2": 0.9962940269457874, "rmse": 0.06087670370685834, "mape": 28.34500063076204, "smape": 17.70488385453675, "wape": 6.172758139701897, "cvrmse": 1820622305549129.8}