{"mse": 0.6409600430726667, "mae": 0.3827026392261012, "r2": 0.35903995692733326, "rmse": 0.8005998020688406, "mape": 544.6551296944999, "smape": 53.727675021388904, "wape": 46.03426404176413, "cvrmse": 1.10205696440314e+17}