{"mse": 0.08910971484765064, "mae": 0.17873896918112586, "r2": 0.9108902851523494, "rmse": 0.2985125036705341, "mape": 96.97247765698751, "smape": 37.51739567646668, "wape": 21.239375628491285, "cvrmse": 3.92886286336519e+17}