{"mse": 0.3225608678828939, "mae": 0.3072467854589223, "r2": 0.677439132117106, "rmse": 0.567944423234258, "mape": 158.44861117567015, "smape": 51.124783179243124, "wape": 36.51258200740738, "cvrmse": -4.756807070890991e+17}