{"mse": 0.031710365662154516, "mae": 0.10736048156440277, "r2": 0.9682896343378454, "rmse": 0.17807404544782632, "mape": 40.22689690985753, "smape": 34.218333213164435, "wape": 14.672000679799513, "cvrmse": 8.24843000404747e+17}