{"mse": 0.166972917671555, "mae": 0.2719779100611739, "r2": 0.8330270823284449, "rmse": 0.4086231976669399, "mape": 126.04945300195847, "smape": 46.99339764184794, "wape": 31.918842914557715, "cvrmse": -5.6887771018854216e+16}