{"mse": 0.25221184384972434, "mae": 0.2993490388022382, "r2": 0.7477881561502757, "rmse": 0.5022069731193747, "mape": 111.24593034748062, "smape": 54.45966197495142, "wape": 35.64652383776246, "cvrmse": 9.253693641004827e+18}