{"mse": 0.30953763478718976, "mae": 0.3260137868947749, "r2": 0.6904623652128103, "rmse": 0.5563610651251485, "mape": 118.22651478153826, "smape": 57.83677488892677, "wape": 38.82176563012539, "cvrmse": 1.025153995467818e+19}