{"mse": 1.8125136326242242, "mae": 0.04837508771931288, "r2": -0.8125136326242242, "rmse": 1.3462962648036367, "mape": 17.163238888104342, "smape": 7.536088966434304, "wape": 21.046852351249452, "cvrmse": 1.612405350587579e+17}