{"mse": 0.6457564913130787, "mae": 0.5379199069327292, "r2": 0.35424350868692134, "rmse": 0.8035897531160279, "mape": 324.12817906566175, "smape": 85.87122488562478, "wape": 63.920492625252045, "cvrmse": 1.057642108647795e+18}