{"mse": 1.0299007790417576, "mae": 0.7528252308099168, "r2": -0.029900779041757364, "rmse": 1.0148402726743542, "mape": 342.17631951851075, "smape": 109.5311745711315, "wape": 89.6465298272208, "cvrmse": 1.86995033532719e+19}