{"mse": 0.6363382881482101, "mae": 0.5333361639288834, "r2": 0.36366171185178986, "rmse": 0.7977081472244157, "mape": 248.2682693666368, "smape": 85.35791518717119, "wape": 63.38058311621605, "cvrmse": -6.681188510692236e+17}