{"mse": 0.03332913950525302, "mae": 0.0954846052492433, "r2": 0.9666708604947469, "rmse": 0.18256270020256882, "mape": 29.381156592679442, "smape": 21.070466579668, "wape": 12.337822692353852, "cvrmse": 1.4966983196587656e+16}