{"mse": 0.385205604257774, "mae": 0.35308656767967406, "r2": 0.6147943957422259, "rmse": 0.6206493408179646, "mape": 428.8194596603378, "smape": 54.08422574857608, "wape": 42.47182700133773, "cvrmse": 8.543481109202699e+16}