{"mse": 0.17450432553365247, "mae": 0.27281550796410464, "r2": 0.8254956744663475, "rmse": 0.4177371488551772, "mape": 112.32960350900056, "smape": 47.14151443749421, "wape": 32.017141912013784, "cvrmse": -5.815659856274724e+16}