{"mse": 0.07430839651391528, "mae": 0.17638795440078228, "r2": 0.9256916034860847, "rmse": 0.27259566488466996, "mape": 157.6632958779505, "smape": 37.594761242732005, "wape": 21.028504083724613, "cvrmse": 8153998205577881.0}