{"mse": 0.03454055630767853, "mae": 0.09301403631278436, "r2": 0.9654594436923215, "rmse": 0.18585089805453867, "mape": 28.268201428568034, "smape": 19.606390158502606, "wape": 12.018593834385575, "cvrmse": 1.5236558536692076e+16}