{"mse": 0.024123009959695466, "mae": 0.1226507465609412, "r2": 0.9758769900403046, "rmse": 0.15531583937157042, "mape": 40.38295182572198, "smape": 18.76018058857456, "wape": 13.379963856490296, "cvrmse": 4252700045809429.0}