{"mse": 0.18731705032728455, "mae": 0.2659022778537883, "r2": 0.8126829496727155, "rmse": 0.4328013982501495, "mape": 236.86865739102853, "smape": 47.512436058029635, "wape": 31.98466488964047, "cvrmse": 5.9576806528360984e+16}