{"mse": 0.005571659249257358, "mae": 0.0564691328953566, "r2": 0.9944283407507426, "rmse": 0.07464354794124779, "mape": 74.04301592735621, "smape": 20.49424013834196, "wape": 7.414225001533617, "cvrmse": 2232343410076117.2}