{"mse": 1.9818059406930253, "mae": 0.05243905735154568, "r2": -0.9818059406930253, "rmse": 1.407766294770913, "mape": 24.672411545266133, "smape": 4.671748228248698, "wape": 34.77588400316035, "cvrmse": 1.9895101540283356e+18}