{"mse": 0.6356986552849974, "mae": 0.5319453252305578, "r2": 0.36430134471500264, "rmse": 0.7973071273260997, "mape": 310.65846141689974, "smape": 85.09656776410037, "wape": 63.21053896726191, "cvrmse": 1.0493732506110435e+18}