{"mse": 0.02462057845070995, "mae": 0.12406299151557784, "r2": 0.97537942154929, "rmse": 0.15690945940481074, "mape": 39.97688319921268, "smape": 19.078811483350012, "wape": 13.534025588517018, "cvrmse": 4296334925650309.5}