{"mse": 0.007865131779494066, "mae": 0.06638320994533879, "r2": 0.9921348682205059, "rmse": 0.0886855781933797, "mape": 300.0697174744771, "smape": 23.908643743281246, "wape": 8.71591309487342, "cvrmse": 2652294424758715.0}